kmer	count
AAAAAA	0.433087
AAAAAC	0.16839
AAAAAG	0.300296
AAAAAT	0.214034
AAAACA	0.514792
AAAACC	0.361156
AAAACG	0
AAAACT	0.0914607
AAAAGA	0.360355
AAAAGC	0.188667
AAAAGG	0.535558
AAAAGT	0.396478
AAAATA	0.224102
AAAATC	0.286907
AAAATG	0.357753
AAAATT	0.09039
AAACAA	0.743696
AAACAC	1.00099
AAACAG	1.26239
AAACAT	0.310651
AAACCA	1.68511
AAACCC	1.41624
AAACCG	1.16998
AAACCT	0.983728
AAACGA	1.20118
AAACGC	0.659186
AAACGG	1.46656
AAACGT	1.54438
AAACTA	0.598098
AAACTC	0.420238
AAACTG	0.908055
AAACTT	0.536951
AAAGAA	0.672952
AAAGAC	0.295373
AAAGAG	0.527863
AAAGAT	0.5253
AAAGCA	0.428068
AAAGCC	0.437087
AAAGCG	0.414201
AAAGCT	0.629192
AAAGGA	0.458633
AAAGGC	0.335735
AAAGGG	0.380321
AAAGGT	0.25288
AAAGTA	0.332431
AAAGTC	0.269929
AAAGTG	0.100846
AAAGTT	0.236298
AAATAA	1.0135
AAATAC	0.675665
AAATAG	0.619167
AAATAT	0.344836
AAATCA	0.389572
AAATCC	0.439457
AAATCG	0
AAATCT	0.361387
AAATGA	1.30717
AAATGC	1.08107
AAATGG	0.89864
AAATGT	0.765756
AAATTA	0.427299
AAATTC	0.324061
AAATTG	0.350995
AAATTT	0.343195
AACAAA	0.525107
AACAAC	0.250246
AACAAG	0.376678
AACAAT	0.284491
AACACA	0.357179
AACACC	0.563054
AACACG	0
AACACT	0.407949
AACAGA	0.411572
AACAGC	0.18575
AACAGG	0.194261
AACAGT	0.271966
AACATA	0.275782
AACATC	0.230997
AACATG	0.382194
AACATT	0.179579
AACCAA	0.857986
AACCAC	0.45659
AACCAG	0.600592
AACCAT	0.563054
AACCCA	0.821063
AACCCC	1.0254
AACCCG	0.419017
AACCCT	0.938422
AACCGA	1.76645
AACCGC	1.22154
AACCGG	1.67607
AACCGT	0.982787
AACCTA	1.00899
AACCTC	0.22466
AACCTG	0.404893
AACCTT	0.608194
AACGAA	0.486966
AACGAC	0.486967
AACGAG	0
AACGAT	0
AACGCA	0.461993
AACGCC	0
AACGCG	0
AACGCT	0
AACGGA	0
AACGGC	0
AACGGG	0.643491
AACGGT	1.10313
AACGTA	0.409495
AACGTC	0.439458
AACGTG	0.800789
AACGTT	0.679915
AACTAA	0.660335
AACTAC	0.152694
AACTAG	0.339959
AACTAT	0.285997
AACTCA	0.188339
AACTCC	0.368784
AACTCG	0
AACTCT	0.12644
AACTGA	0.502041
AACTGC	0.22153
AACTGG	0
AACTGT	0.538993
AACTTA	0.419017
AACTTC	0.279344
AACTTG	0.294168
AACTTT	0.308523
AAGAAA	0.221695
AAGAAC	0.172144
AAGAAG	0.252248
AAGAAT	0
AAGACA	0.210981
AAGACC	0.86432
AAGACG	0.237076
AAGACT	0.709362
AAGAGA	0.209509
AAGAGC	0.343195
AAGAGG	0.2071
AAGAGT	0.477744
AAGATA	0.159449
AAGATC	0.0870425
AAGATG	0.0866239
AAGATT	0.21365
AAGCAA	0.814873
AAGCAC	0.617048
AAGCAG	0.785087
AAGCAT	0.63097
AAGCCA	1.17507
AAGCCC	1.69579
AAGCCG	0.661199
AAGCCT	1.1608
AAGCGA	0.505172
AAGCGC	0
AAGCGG	0.684219
AAGCGT	0.514792
AAGCTA	0.428994
AAGCTC	0.509334
AAGCTG	0.655985
AAGCTT	0.882504
AAGGAA	0.366108
AAGGAC	0.169979
AAGGAG	0.332294
AAGGAT	0.583569
AAGGCA	0.563055
AAGGCC	0.771401
AAGGCG	0.414201
AAGGCT	0.735417
AAGGGA	0.354156
AAGGGC	0.565015
AAGGGG	0.24514
AAGGGT	0.692988
AAGGTA	0.285996
AAGGTC	0.170784
AAGGTG	0.0457305
AAGGTT	0.840204
AAGTAA	0.439457
AAGTAC	0.604623
AAGTAG	0.435212
AAGTAT	0.371499
AAGTCA	0.465975
AAGTCC	0.568126
AAGTCG	0.360356
AAGTCT	0.313898
AAGTGA	0.57591
AAGTGC	0.304525
AAGTGG	0.691327
AAGTGT	0.934254
AAGTTA	0.259871
AAGTTC	0.0773295
AAGTTG	0.153998
AAGTTT	0
AATAAA	0.241443
AATAAC	0.209508
AATAAG	0.405805
AATAAT	0.0526836
AATACA	0.149318
AATACC	0.871828
AATACG	0
AATACT	0.471669
AATAGA	0.224287
AATAGC	0
AATAGG	0.412619
AATAGT	0.114763
AATATA	0.147686
AATATC	0.541886
AATATG	0
AATATT	0.306424
AATCAA	0.797248
AATCAC	0.685087
AATCAG	0.35468
AATCAT	0.327596
AATCCA	1.13704
AATCCC	0.992282
AATCCG	0
AATCCT	1.54904
AATCGA	0
AATCGC	0.285997
AATCGG	0.900888
AATCGT	0.563056
AATCTA	0.588814
AATCTC	0.474153
AATCTG	0.640223
AATCTT	0.786231
AATGAA	0.134796
AATGAC	0.411364
AATGAG	0.214497
AATGAT	0.463976
AATGCA	0.57708
AATGCC	0.787659
AATGCG	0
AATGCT	0.89061
AATGGA	0.406415
AATGGC	0.70504
AATGGG	0.428993
AATGGT	1.25257
AATGTA	0.535181
AATGTC	0.188667
AATGTG	0.23174
AATGTT	0.581217
AATTAA	0.409493
AATTAC	0.659185
AATTAG	0.200941
AATTAT	0.276133
AATTCA	0.327596
AATTCC	0.202446
AATTCG	0
AATTCT	0.0508977
AATTGA	1.09753
AATTGC	0.195845
AATTGG	0.391691
AATTGT	0.339958
AATTTA	0.313898
AATTTC	0.179579
AATTTG	0.132972
AATTTT	0.127785
ACAAAA	0.538647
ACAAAC	0.674133
ACAAAG	0.713102
ACAAAT	0.240237
ACAACA	1.28262
ACAACC	1.43758
ACAACG	1.2644
ACAACT	1.17325
ACAAGA	1.5512
ACAAGC	0.930495
ACAAGG	0.930805
ACAAGT	0.827344
ACAATA	0.103551
ACAATC	0.126886
ACAATG	0.754668
ACAATT	0.289055
ACACAA	1.12611
ACACAC	1.35589
ACACAG	1.53542
ACACAT	1.37783
ACACCA	3.05301
ACACCC	3.09298
ACACCG	0.439457
ACACCT	3.98899
ACACGA	1.78197
ACACGC	1.11221
ACACGG	2.33818
ACACGT	2.2725
ACACTA	1.51294
ACACTC	1.1145
ACACTG	1.64734
ACACTT	1.55209
ACAGAA	1.49191
ACAGAC	0.735417
ACAGAG	0.622196
ACAGAT	0.637797
ACAGCA	1.55807
ACAGCC	1.41541
ACAGCG	0.313353
ACAGCT	1.32955
ACAGGA	1.36498
ACAGGC	1.04074
ACAGGG	0.870604
ACAGGT	1.22737
ACAGTA	0.737089
ACAGTC	0.637796
ACAGTG	0.454994
ACAGTT	0.419017
ACATAA	1.68041
ACATAC	2.08298
ACATAG	1.29469
ACATAT	1.58706
ACATCA	1.16047
ACATCC	1.49668
ACATCG	0.931953
ACATCT	1.93676
ACATGA	3.46495
ACATGC	2.09689
ACATGG	1.59406
ACATGT	2.01743
ACATTA	0.857984
ACATTC	0.428994
ACATTG	0.717124
ACATTT	0.56541
ACCAAA	0.221757
ACCAAC	0.333662
ACCAAG	0.528206
ACCAAT	0.37278
ACCACA	0.645264
ACCACC	0.868324
ACCACG	0.343195
ACCACT	0.72071
ACCAGA	0.840476
ACCAGC	0.256785
ACCAGG	0.464376
ACCAGT	0.177514
ACCATA	0.355614
ACCATC	0.262077
ACCATG	0.207698
ACCATT	0
ACCCAA	1.58398
ACCCAC	1.34016
ACCCAG	0.869024
ACCCAT	0.779611
ACCCCA	1.99053
ACCCCC	2.36384
ACCCCG	0.906554
ACCCCT	2.16447
ACCCGA	0.794901
ACCCGC	0.173249
ACCCGG	1.43188
ACCCGT	2.00197
ACCCTA	2.19446
ACCCTC	0.682888
ACCCTG	1.16746
ACCCTT	1.27484
ACCGAA	0
ACCGAC	0
ACCGAG	0
ACCGAT	0
ACCGCA	0.581218
ACCGCC	0.973932
ACCGCG	0.36771
ACCGCT	0.581217
ACCGGA	0.360356
ACCGGC	0.655191
ACCGGG	0
ACCGGT	0
ACCGTA	0
ACCGTC	0.493637
ACCGTG	0
ACCGTT	0.948303
ACCTAA	0.913943
ACCTAC	1.41315
ACCTAG	0.735418
ACCTAT	0.333662
ACCTCA	0.764145
ACCTCC	0.646208
ACCTCG	0
ACCTCT	0.82524
ACCTGA	1.53092
ACCTGC	1.09198
ACCTGG	0.654491
ACCTGT	1.10595
ACCTTA	0.537841
ACCTTC	0.464973
ACCTTG	0.551562
ACCTTT	0.483233
ACGAAA	0.423947
ACGAAC	0.339958
ACGAAG	0.818989
ACGAAT	0.563056
ACGACA	0.69299
ACGACC	0.450445
ACGACG	1.80177
ACGACT	0.409495
ACGAGA	0.740456
ACGAGC	0.277197
ACGAGG	1.06885
ACGAGT	0.383357
ACGATA	0.621303
ACGATC	0.383357
ACGATG	0.35329
ACGATT	0
ACGCAA	1.33465
ACGCAC	2.09509
ACGCAG	0.176645
ACGCAT	0.35329
ACGCCA	1.94309
ACGCCC	1.20118
ACGCCG	2.25222
ACGCCT	2.18397
ACGCGA	2.00198
ACGCGC	1.28698
ACGCGG	1.54438
ACGCGT	1.28699
ACGCTA	0
ACGCTC	0.507542
ACGCTG	0.757048
ACGCTT	2.16213
ACGGAA	0.973932
ACGGAC	0.800789
ACGGAG	0.318898
ACGGAT	1.60158
ACGGCA	0.383356
ACGGCC	1.54991
ACGGCG	1.12611
ACGGCT	0.615989
ACGGGA	1.94786
ACGGGC	0.844583
ACGGGG	0.461992
ACGGGT	0.281528
ACGGTA	0
ACGGTC	0.375371
ACGGTG	0.109864
ACGGTT	0.316101
ACGTAA	2.03975
ACGTAC	0
ACGTAG	1.20118
ACGTAT	0
ACGTCA	0
ACGTCC	0.257397
ACGTCG	0
ACGTCT	1.16998
ACGTGA	1.76645
ACGTGC	0.600589
ACGTGG	1.21742
ACGTGT	1.53342
ACGTTA	0
ACGTTC	0.400396
ACGTTG	0.590746
ACGTTT	0.419017
ACTAAA	1.09567
ACTAAC	1.31038
ACTAAG	1.23872
ACTAAT	0.804367
ACTACA	1.08728
ACTACC	2.06761
ACTACG	0.581219
ACTACT	1.3224
ACTAGA	0.935987
ACTAGC	0.923985
ACTAGG	0.53386
ACTAGT	1.24876
ACTATA	0.302819
ACTATC	0.243484
ACTATG	0.342109
ACTATT	0.394551
ACTCAA	1.81631
ACTCAC	2.1377
ACTCAG	1.15101
ACTCAT	2.30558
ACTCCA	2.76551
ACTCCC	3.78634
ACTCCG	0.409494
ACTCCT	5.22323
ACTCGA	3.27595
ACTCGC	2.66929
ACTCGG	0.72071
ACTCGT	3.6771
ACTCTA	1.11221
ACTCTC	0.900887
ACTCTG	1.07867
ACTCTT	1.16024
ACTGAA	0.688914
ACTGAC	1.34461
ACTGAG	0.493638
ACTGAT	0.593992
ACTGCA	0.930349
ACTGCC	1.85948
ACTGCG	0.699716
ACTGCT	1.79598
ACTGGA	0.90787
ACTGGC	1.4497
ACTGGG	1.20982
ACTGGT	1.37191
ACTGTA	0.527349
ACTGTC	0.492673
ACTGTG	0.410428
ACTGTT	0.987273
ACTTAA	0.95332
ACTTAC	2.50578
ACTTAG	1.11834
ACTTAT	1.38598
ACTTCA	1.1662
ACTTCC	1.52946
ACTTCG	0.571992
ACTTCT	0.8265
ACTTGA	1.53212
ACTTGC	1.68639
ACTTGG	1.42587
ACTTGT	1.99144
ACTTTA	0.424948
ACTTTC	0.313898
ACTTTG	0.81283
ACTTTT	0.371499
AGAAAA	0.557889
AGAAAC	0.362773
AGAAAG	0.344602
AGAAAT	0.150461
AGAACA	0.658612
AGAACC	1.03287
AGAACG	0.88612
AGAACT	0.758029
AGAAGA	0.521748
AGAAGC	0.381552
AGAAGG	0.480473
AGAAGT	0.451854
AGAATA	0.361802
AGAATC	0.063667
AGAATG	0.183387
AGAATT	0.449039
AGACAA	1.77726
AGACAC	0.933562
AGACAG	1.10009
AGACAT	0.685799
AGACCA	2.07185
AGACCC	3.3678
AGACCG	3.46496
AGACCT	2.07639
AGACGA	0.632201
AGACGC	1.69579
AGACGG	1.01795
AGACGT	0.621302
AGACTA	0.818989
AGACTC	0.843639
AGACTG	0.995165
AGACTT	1.12173
AGAGAA	0.675666
AGAGAC	0.554392
AGAGAG	0.387756
AGAGAT	0.493638
AGAGCA	0.87697
AGAGCC	1.18851
AGAGCG	0.927382
AGAGCT	0.822548
AGAGGA	0.635241
AGAGGC	0.831589
AGAGGG	1.04552
AGAGGT	0.911614
AGAGTA	0.450444
AGAGTC	0.500492
AGAGTG	0.0919273
AGAGTT	0.350995
AGATAA	0.829268
AGATAC	1.07249
AGATAG	0.367709
AGATAT	0.770813
AGATCA	0.745958
AGATCC	0.994843
AGATCG	0.524788
AGATCT	0.854291
AGATGA	1.45434
AGATGC	1.28216
AGATGG	0.737569
AGATGT	1.00721
AGATTA	0.746296
AGATTC	0.295372
AGATTG	0.356787
AGATTT	0.514795
AGCAAA	0.448203
AGCAAC	0.289441
AGCAAG	0.241525
AGCAAT	0.386646
AGCACA	0.622954
AGCACC	0.791988
AGCACG	0.166831
AGCACT	0.412306
AGCAGA	0.635481
AGCAGC	0.471492
AGCAGG	0.387799
AGCAGT	0.297323
AGCATA	0.251997
AGCATC	0.423947
AGCATG	0.12469
AGCATT	0.411051
AGCCAA	1.02228
AGCCAC	0.719644
AGCCAG	0.889034
AGCCAT	0.955002
AGCCCA	1.75783
AGCCCC	1.47687
AGCCCG	0.838037
AGCCCT	2.17032
AGCCGA	0.661199
AGCCGC	0.79025
AGCCGG	0.746296
AGCCGT	0.923986
AGCCTA	1.60873
AGCCTC	0.542081
AGCCTG	0.927743
AGCCTT	0.979818
AGCGAA	0
AGCGAC	0
AGCGAG	0.114763
AGCGAT	0.222442
AGCGCA	0.268922
AGCGCC	0.818988
AGCGCG	0
AGCGCT	1.63798
AGCGGA	0.507542
AGCGGC	1.09199
AGCGGG	0.45808
AGCGGT	0.610771
AGCGTA	0
AGCGTC	0
AGCGTG	0.409495
AGCGTT	1.86391
AGCTAA	0.493637
AGCTAC	0.250246
AGCTAG	0.614243
AGCTAT	0.788276
AGCTCA	0.672568
AGCTCC	0.423393
AGCTCG	0.73045
AGCTCT	0.494253
AGCTGA	0.735419
AGCTGC	0.747771
AGCTGG	0.537042
AGCTGT	0.930493
AGCTTA	0.629992
AGCTTC	0.188667
AGCTTG	0.338679
AGCTTT	0.329593
AGGAAA	0.241407
AGGAAC	0.426095
AGGAAG	0.1308
AGGAAT	0.320315
AGGACA	0.657952
AGGACC	0.917268
AGGACG	0.39169
AGGACT	0.607339
AGGAGA	0.308236
AGGAGC	0.684758
AGGAGG	0.414677
AGGAGT	0.485774
AGGATA	0.111221
AGGATC	0.313352
AGGATG	0.218397
AGGATT	0.0779992
AGGCAA	1.34113
AGGCAC	0.689454
AGGCAG	0.700919
AGGCAT	0.829036
AGGCCA	1.03749
AGGCCC	1.53498
AGGCCG	1.17115
AGGCCT	1.91755
AGGCGA	0.593992
AGGCGC	0.503994
AGGCGG	0.634985
AGGCGT	0.566598
AGGCTA	0.214497
AGGCTC	0.313741
AGGCTG	0.482467
AGGCTT	0.887027
AGGGAA	0.590746
AGGGAC	0.653212
AGGGAG	0.40459
AGGGAT	0.969567
AGGGCA	1.00996
AGGGCC	1.11173
AGGGCG	0.713577
AGGGCT	1.11648
AGGGGA	0.717975
AGGGGC	0.595627
AGGGGG	0.905414
AGGGGT	0.316101
AGGGTA	0.456145
AGGGTC	0.257396
AGGGTG	0.168785
AGGGTT	0.309583
AGGTAA	0.437325
AGGTAC	0.13754
AGGTAG	0.692989
AGGTAT	0.120925
AGGTCA	0.516269
AGGTCC	0.560138
AGGTCG	0
AGGTCT	0.678753
AGGTGA	0.967397
AGGTGC	0.432425
AGGTGG	0.923986
AGGTGT	0.818988
AGGTTA	0.40718
AGGTTC	0.0692992
AGGTTG	0.4959
AGGTTT	0.110538
AGTAAA	0.589671
AGTAAC	1.2426
AGTAAG	0.193739
AGTAAT	0.592689
AGTACA	0.794899
AGTACC	1.68916
AGTACG	0.85799
AGTACT	0.403381
AGTAGA	0.702821
AGTAGC	0.51808
AGTAGG	0.246819
AGTAGT	0.554392
AGTATA	0.295372
AGTATC	0.26693
AGTATG	0.261127
AGTATT	0.389573
AGTCAA	0.990976
AGTCAC	1.39107
AGTCAG	1.5323
AGTCAT	1.27484
AGTCCA	3.84753
AGTCCC	3.50643
AGTCCG	2.00197
AGTCCT	3.08696
AGTCGA	1.2426
AGTCGC	0.766712
AGTCGG	0.360356
AGTCGT	1.02959
AGTCTA	0.797246
AGTCTC	0.404893
AGTCTG	0.180178
AGTCTT	1.18263
AGTGAA	0.670873
AGTGAC	0.319464
AGTGAG	0.336495
AGTGAT	0.747626
AGTGCA	0.95839
AGTGCC	1.79487
AGTGCG	0.277197
AGTGCT	1.77356
AGTGGA	0.816514
AGTGGC	1.17053
AGTGGG	0.524006
AGTGGT	1.00687
AGTGTA	0.237076
AGTGTC	1.01839
AGTGTG	0.476661
AGTGTT	1.22988
AGTTAA	1.43323
AGTTAC	0.588814
AGTTAG	0.453278
AGTTAT	0.333663
AGTTCA	0.76546
AGTTCC	0.35468
AGTTCG	0.281528
AGTTCT	0.467992
AGTTGA	1.3285
AGTTGC	0.58436
AGTTGG	0.909154
AGTTGT	1.44142
AGTTTA	0.537844
AGTTTC	0.139312
AGTTTG	0
AGTTTT	0.125998
ATAAAA	0.894011
ATAAAC	0.72799
ATAAAG	0.886118
ATAAAT	0.561592
ATAACA	1.55483
ATAACC	2.88833
ATAACG	0
ATAACT	1.33916
ATAAGA	1.21859
ATAAGC	1.74366
ATAAGG	0.537841
ATAAGT	0.825238
ATAATA	0.255571
ATAATC	0.863865
ATAATG	0.402632
ATAATT	0.291785
ATACAA	1.96673
ATACAC	1.08899
ATACAG	1.67813
ATACAT	1.26997
ATACCA	3.88405
ATACCC	3.77116
ATACCG	1.50148
ATACCT	3.76489
ATACGA	0
ATACGC	0.800789
ATACGG	1.2426
ATACGT	5.66273
ATACTA	1.46812
ATACTC	1.38597
ATACTG	1.19235
ATACTT	1.34461
ATAGAA	1.0338
ATAGAC	0.595629
ATAGAG	0.635923
ATAGAT	0.714992
ATAGCA	1.52693
ATAGCC	1.34016
ATAGCG	4.09495
ATAGCT	0.634426
ATAGGA	1.35751
ATAGGC	0.923985
ATAGGG	0.857991
ATAGGT	0.931953
ATAGTA	0.435914
ATAGTC	0.838034
ATAGTG	0.526067
ATAGTT	0.735418
ATATAA	2.05682
ATATAC	1.34461
ATATAG	1.27559
ATATAT	0.76905
ATATCA	1.38598
ATATCC	1.78395
ATATCG	0
ATATCT	2.0285
ATATGA	1.05987
ATATGC	1.96111
ATATGG	0.929946
ATATGT	1.75987
ATATTA	0.535181
ATATTC	0.549321
ATATTG	0.35797
ATATTT	0.269592
ATCAAA	0.705323
ATCAAC	0.740457
ATCAAG	0.520745
ATCAAT	1.06885
ATCACA	0.979818
ATCACC	1.36935
ATCACG	0.535183
ATCACT	1.24056
ATCAGA	0.97393
ATCAGC	0.618633
ATCAGG	0.873107
ATCAGT	1.16586
ATCATA	0.348731
ATCATC	0.476659
ATCATG	0.618256
ATCATT	0.389995
ATCCAA	1.06557
ATCCAC	0.70812
ATCCAG	1.30774
ATCCAT	1.91678
ATCCCA	1.41806
ATCCCC	2.91954
ATCCCG	1.50148
ATCCCT	2.60784
ATCCGA	1.20118
ATCCGC	0.857988
ATCCGG	0.75074
ATCCGT	1.42246
ATCCTA	1.39673
ATCCTC	0.889763
ATCCTG	1.095
ATCCTT	1.12072
ATCGAA	0.838035
ATCGAC	0
ATCGAG	0
ATCGAT	1.56676
ATCGCA	0.35329
ATCGCC	2.00197
ATCGCG	0
ATCGCT	0.635921
ATCGGA	0.85799
ATCGGC	1.35133
ATCGGG	0.474153
ATCGGT	1.80178
ATCGTA	0
ATCGTC	0
ATCGTG	0.257397
ATCGTT	0
ATCTAA	1.05987
ATCTAC	1.47687
ATCTAG	1.04235
ATCTAT	1.11068
ATCTCA	0.578109
ATCTCC	0.63443
ATCTCG	0.356789
ATCTCT	0.550543
ATCTGA	1.21396
ATCTGC	0.97065
ATCTGG	0.792781
ATCTGT	1.67751
ATCTTA	0.720708
ATCTTC	0.409495
ATCTTG	0.535842
ATCTTT	0.635921
ATGAAA	0.375371
ATGAAC	0.594926
ATGAAG	0.461992
ATGAAT	0.804365
ATGACA	0.723341
ATGACC	1.23103
ATGACG	0.783379
ATGACT	0.92184
ATGAGA	0.73843
ATGAGC	1.03948
ATGAGG	0.411834
ATGAGT	0.589364
ATGATA	0.317961
ATGATC	0
ATGATG	0.477744
ATGATT	0.263674
ATGCAA	1.35698
ATGCAC	1.54438
ATGCAG	1.01584
ATGCAT	0.42696
ATGCCA	2.14497
ATGCCC	3.06374
ATGCCG	2.57397
ATGCCT	2.08983
ATGCGA	2.6693
ATGCGC	0.838035
ATGCGG	0.973932
ATGCGT	1.89661
ATGCTA	1.18365
ATGCTC	0.532543
ATGCTG	0.556729
ATGCTT	0.492673
ATGGAA	1.04073
ATGGAC	0.982785
ATGGAG	0.345546
ATGGAT	0.506115
ATGGCA	1.32298
ATGGCC	1.43237
ATGGCG	0.17493
ATGGCT	1.36105
ATGGGA	0.773039
ATGGGC	1.23198
ATGGGG	0.752306
ATGGGT	1.15182
ATGGTA	0.118538
ATGGTC	0.852909
ATGGTG	0.571294
ATGGTT	0.933565
ATGTAA	1.19505
ATGTAC	1.28698
ATGTAG	1.44527
ATGTAT	1.39364
ATGTCA	0.48139
ATGTCC	0.604623
ATGTCG	0
ATGTCT	0.655194
ATGTGA	1.73742
ATGTGC	1.50148
ATGTGG	0.857988
ATGTGT	1.92038
ATGTTA	0.289055
ATGTTC	0.343195
ATGTTG	0.625617
ATGTTT	0.428994
ATTAAA	0.55869
ATTAAC	0.554392
ATTAAG	0.746296
ATTAAT	0.307121
ATTACA	0.678087
ATTACC	0.965241
ATTACG	1.63798
ATTACT	1.36844
ATTAGA	0.93195
ATTAGC	0.74728
ATTAGG	0.878919
ATTAGT	1.54437
ATTATA	0.822387
ATTATC	0.881989
ATTATG	0.824339
ATTATT	0.334695
ATTCAA	1.52692
ATTCAC	1.26292
ATTCAG	2.02373
ATTCAT	1.49492
ATTCCA	2.57397
ATTCCC	2.85527
ATTCCG	3.1796
ATTCCT	4.01342
ATTCGA	2.88283
ATTCGC	0.900888
ATTCGG	0.878913
ATTCGT	1.80178
ATTCTA	0.97834
ATTCTC	0.603948
ATTCTG	1.01075
ATTCTT	1.07569
ATTGAA	1.0547
ATTGAC	0.92875
ATTGAG	1.03227
ATTGAT	1.08377
ATTGCA	1.1962
ATTGCC	1.97614
ATTGCG	1.5898
ATTGCT	1.39672
ATTGGA	1.2644
ATTGGC	1.7297
ATTGGG	0.671468
ATTGGT	2.09796
ATTGTA	0.657584
ATTGTC	0.960943
ATTGTG	0.463691
ATTGTT	0.86928
ATTTAA	1.086
ATTTAC	1.22634
ATTTAG	1.00099
ATTTAT	0.967054
ATTTCA	1.02162
ATTTCC	0.66272
ATTTCG	1.10313
ATTTCT	0.842292
ATTTGA	1.35287
ATTTGC	1.20118
ATTTGG	1.38598
ATTTGT	2.21378
ATTTTA	0.430704
ATTTTC	0.338361
ATTTTG	0.457305
ATTTTT	0.348731
CAAAAA	0.730789
CAAAAC	0.777745
CAAAAG	0.385176
CAAAAT	0.28983
CAAACA	0.980908
CAAACC	1.86202
CAAACG	0.923986
CAAACT	1.12611
CAAAGA	1.37191
CAAAGC	0.728479
CAAAGG	1.08898
CAAAGT	0.692991
CAAATA	0.26693
CAAATC	0.245697
CAAATG	0.948304
CAAATT	0.18078
CAACAA	1.95373
CAACAC	1.2469
CAACAG	1.72392
CAACAT	1.5065
CAACCA	2.34165
CAACCC	3.07996
CAACCG	0.878913
CAACCT	1.72344
CAACGA	1.60158
CAACGC	0.735418
CAACGG	2.03975
CAACGT	1.36498
CAACTA	2.69557
CAACTC	0.893444
CAACTG	0.965237
CAACTT	0.550761
CAAGAA	1.10313
CAAGAC	1.27398
CAAGAG	0.456786
CAAGAT	0.662861
CAAGCA	1.14896
CAAGCC	0.931951
CAAGCG	0.938424
CAAGCT	0.918551
CAAGGA	1.2297
CAAGGC	1.12932
CAAGGG	1.02309
CAAGGT	1.78041
CAAGTA	0.39383
CAAGTC	0.180177
CAAGTG	0.502041
CAAGTT	0.266272
CAATAA	1.75308
CAATAC	1.08541
CAATAG	0.47415
CAATAT	2.17235
CAATCA	1.60157
CAATCC	1.26886
CAATCG	0.581219
CAATCT	1.32334
CAATGA	3.09679
CAATGC	0.973934
CAATGG	2.1811
CAATGT	1.90187
CAATTA	0.81283
CAATTC	0.277197
CAATTG	1.50148
CAATTT	0.563054
CACAAA	0.202903
CACAAC	0.207897
CACAAG	0.669391
CACAAT	0.0841951
CACACA	0.346496
CACACC	0.574676
CACACG	0.223823
CACACT	0.379321
CACAGA	0.270265
CACAGC	0.143225
CACAGG	0.29905
CACAGT	0.388871
CACATA	0.465977
CACATC	0.339957
CACATG	0.134127
CACATT	0.279779
CACCAA	0.906552
CACCAC	0.512481
CACCAG	0.920056
CACCAT	0.76853
CACCCA	1.59617
CACCCC	1.48461
CACCCG	1.15904
CACCCT	1.01271
CACCGA	0.404893
CACCGC	0.316101
CACCGG	0.414201
CACCGT	0.953881
CACCTA	1.31636
CACCTC	0.585414
CACCTG	1.06125
CACCTT	0.757047
CACGAA	0.209509
CACGAC	0.333663
CACGAG	0.388872
CACGAT	0.211974
CACGCA	0.292973
CACGCC	0.461994
CACGCG	0
CACGCT	0.72071
CACGGA	0
CACGGC	0.614243
CACGGG	0.283744
CACGGT	0.213228
CACGTA	0
CACGTC	0.295372
CACGTG	0.272997
CACGTT	0.363995
CACTAA	0.720709
CACTAC	0.69299
CACTAG	0.255571
CACTAT	0.42229
CACTCA	0.474152
CACTCC	0.454577
CACTCG	0.240237
CACTCT	0.510813
CACTGA	0.835605
CACTGC	0.536242
CACTGG	0.74215
CACTGT	0.810219
CACTTA	0.492288
CACTTC	0.0416116
CACTTG	0.488431
CACTTT	0.235526
CAGAAA	0.14232
CAGAAC	0.211352
CAGAAG	0.339318
CAGAAT	0.116243
CAGACA	0.504808
CAGACC	0.695047
CAGACG	0.443059
CAGACT	0.238645
CAGAGA	0.544257
CAGAGC	0.232862
CAGAGG	0.529192
CAGAGT	0.504808
CAGATA	0.268922
CAGATC	0.143568
CAGATG	0.313351
CAGATT	0.24104
CAGCAA	0.962779
CAGCAC	0.583308
CAGCAG	0.776843
CAGCAT	0.722774
CAGCCA	1.39282
CAGCCC	2.07328
CAGCCG	1.04619
CAGCCT	1.15477
CAGCGA	0.486966
CAGCGC	0.465977
CAGCGG	1.00799
CAGCGT	1.27685
CAGCTA	0.940875
CAGCTC	0.683431
CAGCTG	0.767879
CAGCTT	1.02576
CAGGAA	0.254322
CAGGAC	0.367709
CAGGAG	0.305062
CAGGAT	0.283001
CAGGCA	0.559723
CAGGCC	0.586897
CAGGCG	0.502236
CAGGCT	0.622893
CAGGGA	0.775599
CAGGGC	0.56482
CAGGGG	0.567986
CAGGGT	0.361078
CAGGTA	0.167607
CAGGTC	0.183232
CAGGTG	0.334104
CAGGTT	0.342109
CAGTAA	0.834156
CAGTAC	0.432425
CAGTAG	0.443786
CAGTAT	0.493637
CAGTCA	0.478876
CAGTCC	0.607339
CAGTCG	0.360356
CAGTCT	0.367709
CAGTGA	0.979604
CAGTGC	0.940057
CAGTGG	1.1101
CAGTGT	0.950804
CAGTTA	0.486966
CAGTTC	0.338679
CAGTTG	0.307996
CAGTTT	0.086416
CATAAA	0.2071
CATAAC	0.141872
CATAAG	0
CATAAT	0
CATACA	0.995461
CATACC	0.857991
CATACG	0.375371
CATACT	0.403381
CATAGA	0.711227
CATAGC	0.643493
CATAGG	0.612848
CATAGT	0.761312
CATATA	0.464974
CATATC	0.310651
CATATG	0.316101
CATATT	0.0923991
CATCAA	0.988316
CATCAC	1.13796
CATCAG	1.20851
CATCAT	1.62513
CATCCA	2.75354
CATCCC	3.49095
CATCCG	1.2426
CATCCT	3.47982
CATCGA	1.08107
CATCGC	0
CATCGG	2.25222
CATCGT	0.72071
CATCTA	0.942785
CATCTC	0.850623
CATCTG	1.20898
CATCTT	1.4497
CATGAA	0.368964
CATGAC	0.823665
CATGAG	0.690947
CATGAT	0.568126
CATGCA	1.07099
CATGCC	1.18065
CATGCG	0.434162
CATGCT	1.2522
CATGGA	0.891335
CATGGC	0.811089
CATGGG	0.359328
CATGGT	1.50581
CATGTA	0.213228
CATGTC	0.500493
CATGTG	0.638231
CATGTT	0.923986
CATTAA	1.13201
CATTAC	0.744536
CATTAG	0.474151
CATTAT	1.2941
CATTCA	1.05598
CATTCC	0.783379
CATTCG	0
CATTCT	0.713102
CATTGA	1.3618
CATTGC	0.965237
CATTGG	1.5805
CATTGT	0.735421
CATTTA	0.677783
CATTTC	0.264967
CATTTG	0.615515
CATTTT	0.205414
CCAAAA	1.40084
CCAAAC	1.42782
CCAAAG	0.78338
CCAAAT	0.447249
CCAACA	1.50148
CCAACC	2.11544
CCAACG	2.10207
CCAACT	0.905001
CCAAGA	1.46709
CCAAGC	0.570984
CCAAGG	1.17791
CCAAGT	1.27785
CCAATA	0.163798
CCAATC	0.302819
CCAATG	0.829764
CCAATT	0.409495
CCACAA	2.50246
CCACAC	1.92324
CCACAG	2.09981
CCACAT	2.57973
CCACCA	3.94945
CCACCC	4.89909
CCACCG	2.88634
CCACCT	3.71111
CCACGA	2.01923
CCACGC	2.66929
CCACGG	2.41579
CCACGT	2.70267
CCACTA	2.69653
CCACTC	1.3775
CCACTG	1.70478
CCACTT	1.47284
CCAGAA	1.06614
CCAGAC	1.46231
CCAGAG	0.738694
CCAGAT	1.16244
CCAGCA	1.22154
CCAGCC	1.60731
CCAGCG	0.80079
CCAGCT	1.58263
CCAGGA	1.35133
CCAGGC	1.75687
CCAGGG	1.14441
CCAGGT	1.58438
CCAGTA	0.581217
CCAGTC	0.920056
CCAGTG	0.403381
CCAGTT	0.657583
CCATAA	2.85091
CCATAC	2.06761
CCATAG	1.44669
CCATAT	2.21529
CCATCA	2.31576
CCATCC	1.85549
CCATCG	1.09198
CCATCT	1.86939
CCATGA	3.08876
CCATGC	2.25986
CCATGG	2.5507
CCATGT	3.1958
CCATTA	0.386096
CCATTC	0.667322
CCATTG	0.713573
CCATTT	0.907696
CCCAAA	0.548067
CCCAAC	0.388873
CCCAAG	0.416377
CCCAAT	0.283744
CCCACA	0.647696
CCCACC	0.582663
CCCACG	0.289055
CCCACT	0.574095
CCCAGA	0.689675
CCCAGC	0.466873
CCCAGG	0.510687
CCCAGT	0.615239
CCCATA	0.518495
CCCATC	0.232187
CCCATG	0.109864
CCCATT	0.268922
CCCCAA	1.42352
CCCCAC	1.22108
CCCCAG	1.30324
CCCCAT	1.49456
CCCCCA	2.32216
CCCCCC	1.85948
CCCCCG	1.76261
CCCCCT	2.16213
CCCCGA	0.985342
CCCCGC	1.39228
CCCCGG	1.5898
CCCCGT	1.35394
CCCCTA	1.81244
CCCCTC	0.915087
CCCCTG	1.1018
CCCCTT	1.48984
CCCGAA	0.327596
CCCGAC	0.72071
CCCGAG	0.202446
CCCGAT	0.360356
CCCGCA	0.871828
CCCGCC	0.698963
CCCGCG	0.383357
CCCGCT	0.81899
CCCGGA	1.2644
CCCGGC	0.570698
CCCGGG	0.224287
CCCGGT	0.69299
CCCGTA	0
CCCGTC	0.290609
CCCGTG	0.377996
CCCGTT	1.02958
CCCTAA	1.67606
CCCTAC	1.31038
CCCTAG	1.30025
CCCTAT	1.95192
CCCTCA	0.610081
CCCTCC	0.958927
CCCTCG	0.353289
CCCTCT	1.00099
CCCTGA	2.29925
CCCTGC	1.29328
CCCTGG	1.20851
CCCTGT	1.53582
CCCTTA	0.889766
CCCTTC	0.450444
CCCTTG	0.359158
CCCTTT	0.455504
CCGAAA	0
CCGAAC	0.643492
CCGAAG	0
CCGAAT	0
CCGACA	1.87685
CCGACC	0.794901
CCGACG	2.40236
CCGACT	0
CCGAGA	0.261127
CCGAGC	0.15945
CCGAGG	0.742998
CCGAGT	0.68639
CCGATA	0
CCGATC	0
CCGATG	0
CCGATT	0
CCGCAA	0
CCGCAC	0.857988
CCGCAG	1.13254
CCGCAT	1.60873
CCGCCA	2.93313
CCGCCC	1.22634
CCGCCG	1.38598
CCGCCT	2.13769
CCGCGA	1.28698
CCGCGC	0.818988
CCGCGG	1.18149
CCGCGT	1.33465
CCGCTA	0.667323
CCGCTC	0.387478
CCGCTG	1.09199
CCGCTT	1.12611
CCGGAA	0.171598
CCGGAC	0.316101
CCGGAG	0.783383
CCGGAT	0.706579
CCGGCA	1.5298
CCGGCC	1.08899
CCGGCG	0.750742
CCGGCT	1.20118
CCGGGA	0.612848
CCGGGC	0.692988
CCGGGG	1.08303
CCGGGT	0.279346
CCGGTA	0
CCGGTC	0.333663
CCGGTG	0.509935
CCGGTT	1.22848
CCGTAA	3.27595
CCGTAC	0.643492
CCGTAG	0.486967
CCGTAT	0
CCGTCA	1.30563
CCGTCC	1.25705
CCGTCG	0
CCGTCT	0.40718
CCGTGA	1.14659
CCGTGC	1.63798
CCGTGG	1.07891
CCGTGT	1.86851
CCGTTA	1.54438
CCGTTC	0
CCGTTG	0.339958
CCGTTT	0.414201
CCTAAA	1.07036
CCTAAC	1.52262
CCTAAG	0.287517
CCTAAT	0.621302
CCTACA	1.81473
CCTACC	2.3847
CCTACG	0.69299
CCTACT	1.56277
CCTAGA	1.18798
CCTAGC	2.12568
CCTAGG	1.0547
CCTAGT	1.0254
CCTATA	1.10032
CCTATC	0.339956
CCTATG	0.662416
CCTATT	0.851233
CCTCAA	2.32647
CCTCAC	2.06573
CCTCAG	1.99958
CCTCAT	2.04634
CCTCCA	4.00079
CCTCCC	6.27197
CCTCCG	1.87069
CCTCCT	5.04236
CCTCGA	2.9218
CCTCGC	2.38251
CCTCGG	1.18899
CCTCGT	3.34616
CCTCTA	1.21127
CCTCTC	1.10379
CCTCTG	1.36875
CCTCTT	1.33615
CCTGAA	0.915339
CCTGAC	1.61418
CCTGAG	1.05987
CCTGAT	0.640629
CCTGCA	1.74775
CCTGCC	2.57396
CCTGCG	0.960943
CCTGCT	2.79758
CCTGGA	1.09912
CCTGGC	2.41475
CCTGGG	1.04427
CCTGGT	1.57532
CCTGTA	0.506354
CCTGTC	0.690195
CCTGTG	0.4664
CCTGTT	1.01987
CCTTAA	1.85638
CCTTAC	2.19136
CCTTAG	1.45485
CCTTAT	1.8966
CCTTCA	2.15597
CCTTCC	2.52479
CCTTCG	1.05987
CCTTCT	2.02485
CCTTGA	2.8543
CCTTGC	3.29996
CCTTGG	2.52156
CCTTGT	2.08126
CCTTTA	1.08978
CCTTTC	0.523518
CCTTTG	0.761311
CCTTTT	0.738077
CGAAAA	0.783381
CGAAAC	1.10878
CGAAAG	0.806765
CGAAAT	0
CGAACA	0.400396
CGAACC	1.12611
CGAACG	0
CGAACT	0
CGAAGA	0.316101
CGAAGC	0.571992
CGAAGG	0
CGAAGT	0.36771
CGAATA	0.750742
CGAATC	0.600594
CGAATG	0.750742
CGAATT	0
CGACAA	0
CGACAC	3.13351
CGACAG	1.24876
CGACAT	2.25222
CGACCA	1.12611
CGACCC	2.5288
CGACCG	1.05987
CGACCT	2.8449
CGACGA	1.63798
CGACGC	0
CGACGG	0.750742
CGACGT	3.37833
CGACTA	3.60355
CGACTC	0.965238
CGACTG	0.383357
CGACTT	0
CGAGAA	1.23409
CGAGAC	0.566598
CGAGAG	0.425616
CGAGAT	0.202447
CGAGCA	1.11221
CGAGCC	0.800789
CGAGCG	0.72071
CGAGCT	0.228073
CGAGGA	0.47003
CGAGGC	0.643492
CGAGGG	0.667323
CGAGGT	0.26693
CGAGTA	0.655191
CGAGTC	0
CGAGTG	0.230997
CGAGTT	0.327596
CGATAA	3.33662
CGATAC	0.750742
CGATAG	0
CGATAT	0
CGATCA	1.63798
CGATCC	0.486967
CGATCG	0
CGATCT	1.00099
CGATGA	2.03975
CGATGC	0.35329
CGATGG	1.89661
CGATGT	2.19728
CGATTA	0
CGATTC	0.818989
CGATTG	0.692992
CGATTT	0
CGCAAA	0.272997
CGCAAC	0
CGCAAG	0.375371
CGCAAT	0.36771
CGCACA	0.356789
CGCACC	0
CGCACG	1.63798
CGCACT	0
CGCAGA	0
CGCAGC	0
CGCAGG	0.421468
CGCAGT	0
CGCATA	0.667326
CGCATC	0
CGCATG	0.250247
CGCATT	1.00098
CGCCAA	0.339958
CGCCAC	0.226639
CGCCAG	0.327596
CGCCAT	0.387478
CGCCCA	1.45858
CGCCCC	0.971011
CGCCCG	0
CGCCCT	0.81899
CGCCGA	0
CGCCGC	0.878913
CGCCGG	0
CGCCGT	0
CGCCTA	0
CGCCTC	0.39383
CGCCTG	0.799176
CGCCTT	0.621302
CGCGAA	0
CGCGAC	0
CGCGAG	0
CGCGAT	0
CGCGCA	1.89661
CGCGCC	0.600591
CGCGCG	0
CGCGCT	2.70266
CGCGGA	0
CGCGGC	0.514795
CGCGGG	0
CGCGGT	0.643491
CGCGTA	0
CGCGTC	0
CGCGTG	0
CGCGTT	0
CGCTAA	1.71598
CGCTAC	0.439458
CGCTAG	2.16213
CGCTAT	0.545993
CGCTCA	0.178395
CGCTCC	0.643491
CGCTCG	0.750742
CGCTCT	0.281526
CGCTGA	1.16782
CGCTGC	0.648119
CGCTGG	0.240236
CGCTGT	1.50148
CGCTTA	0
CGCTTC	0.214498
CGCTTG	0.545993
CGCTTT	0.253772
CGGAAA	0.228073
CGGAAC	0
CGGAAG	0.121742
CGGAAT	0.545993
CGGACA	0.391691
CGGACC	0.706579
CGGACG	0.818992
CGGACT	0
CGGAGA	0.467993
CGGAGC	0
CGGAGG	0.431562
CGGAGT	0.200198
CGGATA	0
CGGATC	0
CGGATG	0.900888
CGGATT	0
CGGCAA	0.600591
CGGCAC	0.551564
CGGCAG	0.581217
CGGCAT	0.563055
CGGCCA	0.529933
CGGCCC	1.20851
CGGCCG	1.22848
CGGCCT	0.506115
CGGCGA	2.57397
CGGCGC	0.692992
CGGCGG	0.581219
CGGCGT	2.25222
CGGCTA	0.794901
CGGCTC	0.107891
CGGCTG	0.380656
CGGCTT	0.79025
CGGGAA	1.12611
CGGGAC	0.456145
CGGGAG	0.327596
CGGGAT	0.500494
CGGGCA	0.233997
CGGGCC	0.379321
CGGGCG	0.202447
CGGGCT	0.673562
CGGGGA	0.486967
CGGGGC	0.617751
CGGGGG	0.284491
CGGGGT	0.431562
CGGGTA	0
CGGGTC	0.240237
CGGGTG	0
CGGGTT	0.204748
CGGTAA	1.03949
CGGTAC	0.750742
CGGTAG	0.375371
CGGTAT	0.948306
CGGTCA	0.610771
CGGTCC	0.400396
CGGTCG	0
CGGTCT	0
CGGTGA	0.541886
CGGTGC	0.419017
CGGTGG	0.405805
CGGTGT	0.434162
CGGTTA	0.948303
CGGTTC	0
CGGTTG	0.783379
CGGTTT	0
CGTAAA	0
CGTAAC	0.621303
CGTAAG	0.461994
CGTAAT	0.545993
CGTACA	0.500494
CGTACC	0
CGTACG	1.80178
CGTACT	0.643492
CGTAGA	0
CGTAGC	0.973932
CGTAGG	0.375371
CGTAGT	0.428995
CGTATA	0
CGTATC	0.545993
CGTATG	0.563056
CGTATT	0.783381
CGTCAA	2.90609
CGTCAC	1.88557
CGTCAG	0.874646
CGTCAT	1.2644
CGTCCA	2.36298
CGTCCC	3.0712
CGTCCG	1.38598
CGTCCT	2.52248
CGTCGA	3.00295
CGTCGC	1.20118
CGTCGG	0
CGTCGT	2.25222
CGTCTA	1.20118
CGTCTC	0.700689
CGTCTG	0.985342
CGTCTT	0.467993
CGTGAA	0.404893
CGTGAC	0.735418
CGTGAG	0.308875
CGTGAT	0.450444
CGTGCA	1.14659
CGTGCC	1.3213
CGTGCG	0
CGTGCT	1.47418
CGTGGA	1.7251
CGTGGC	0.818989
CGTGGG	0.450443
CGTGGT	1.57078
CGTGTA	0.36771
CGTGTC	0.524788
CGTGTG	0.101795
CGTGTT	0.809786
CGTTAA	1.09198
CGTTAC	0.409495
CGTTAG	1.84797
CGTTAT	1.68917
CGTTCA	1.54438
CGTTCC	0.632201
CGTTCG	0
CGTTCT	1.30563
CGTTGA	1.17507
CGTTGC	2.82631
CGTTGG	1.00099
CGTTGT	1.5805
CGTTTA	0.486967
CGTTTC	0.302819
CGTTTG	0.264967
CGTTTT	0.919273
CTAAAA	0.95266
CTAAAC	0.980555
CTAAAG	0.871823
CTAAAT	1.49259
CTAACA	2.01316
CTAACC	2.84491
CTAACG	0.529935
CTAACT	2.11145
CTAAGA	1.1101
CTAAGC	1.5992
CTAAGG	1.07715
CTAAGT	1.31256
CTAATA	1.26687
CTAATC	0.68639
CTAATG	0.84458
CTAATT	0.772189
CTACAA	1.8639
CTACAC	1.75172
CTACAG	2.14948
CTACAT	2.07897
CTACCA	2.46096
CTACCC	4.52707
CTACCG	2.72996
CTACCT	3.14721
CTACGA	1.83854
CTACGC	2.70266
CTACGG	1.25705
CTACGT	3.91691
CTACTA	1.54698
CTACTC	1.92498
CTACTG	2.59005
CTACTT	1.31303
CTAGAA	1.23587
CTAGAC	1.63798
CTAGAG	1.00564
CTAGAT	0.571994
CTAGCA	2.32487
CTAGCC	2.4377
CTAGCG	0
CTAGCT	1.90249
CTAGGA	1.78478
CTAGGC	1.96915
CTAGGG	1.39364
CTAGGT	2.50246
CTAGTA	0.550158
CTAGTC	0.679912
CTAGTG	0.763466
CTAGTT	0.406415
CTATAA	2.54238
CTATAC	3.47329
CTATAG	1.41009
CTATAT	0.305386
CTATCA	1.78554
CTATCC	1.33465
CTATCG	0
CTATCT	2.6693
CTATGA	2.01316
CTATGC	2.20063
CTATGG	3.13352
CTATGT	2.23823
CTATTA	1.27559
CTATTC	0.6213
CTATTG	0.545993
CTATTT	0.506522
CTCAAA	0.479195
CTCAAC	0.62944
CTCAAG	0.948304
CTCAAT	0.479195
CTCACA	0.733056
CTCACC	1.33867
CTCACG	0.305386
CTCACT	1.0355
CTCAGA	0.651244
CTCAGC	0.442869
CTCAGG	0.628234
CTCAGT	0.581218
CTCATA	0.453278
CTCATC	0.508336
CTCATG	0.356283
CTCATT	0.496357
CTCCAA	1.43187
CTCCAC	0.929164
CTCCAG	0.857987
CTCCAT	0.669231
CTCCCA	2.32947
CTCCCC	2.81372
CTCCCG	0.960945
CTCCCT	2.20917
CTCCGA	1.5898
CTCCGC	1.09567
CTCCGG	1.19126
CTCCGT	1.38597
CTCCTA	2.53771
CTCCTC	0.977039
CTCCTG	1.11197
CTCCTT	1.09084
CTCGAA	0
CTCGAC	0.857988
CTCGAG	0
CTCGAT	0.643491
CTCGCA	0.211974
CTCGCC	1.01713
CTCGCG	0
CTCGCT	1.26687
CTCGGA	0.281528
CTCGGC	0.356787
CTCGGG	0.536243
CTCGGT	0.180178
CTCGTA	0.500494
CTCGTC	0
CTCGTG	0
CTCGTT	0
CTCTAA	1.43504
CTCTAC	1.79579
CTCTAG	0.874652
CTCTAT	1.11975
CTCTCA	1.33945
CTCTCC	0.944619
CTCTCG	0.39169
CTCTCT	0.832341
CTCTGA	2.20936
CTCTGC	1.18538
CTCTGG	1.11295
CTCTGT	1.78141
CTCTTA	1.35698
CTCTTC	0.189661
CTCTTG	0.354281
CTCTTT	0.339245
CTGAAA	0.51676
CTGAAC	0.345167
CTGAAG	0.5422
CTGAAT	0.382001
CTGACA	0.838032
CTGACC	1.61134
CTGACG	1.10313
CTGACT	0.652453
CTGAGA	0.714496
CTGAGC	0.660882
CTGAGG	0.467441
CTGAGT	0.438269
CTGATA	0.120118
CTGATC	0.192703
CTGATG	0.338892
CTGATT	0.412621
CTGCAA	1.52098
CTGCAC	0.86913
CTGCAG	1.16243
CTGCAT	0.675666
CTGCCA	1.8639
CTGCCC	2.53923
CTGCCG	1.20119
CTGCCT	1.66164
CTGCGA	1.8639
CTGCGC	1.29857
CTGCGG	0.995461
CTGCGT	2.03426
CTGCTA	1.16244
CTGCTC	0.963913
CTGCTG	1.24682
CTGCTT	0.943981
CTGGAA	0.349858
CTGGAC	0.404894
CTGGAG	0.425825
CTGGAT	0.396867
CTGGCA	1.38932
CTGGCC	1.6029
CTGGCG	0.318898
CTGGCT	1.6478
CTGGGA	0.95726
CTGGGC	0.792448
CTGGGG	0.747989
CTGGGT	1.11565
CTGGTA	0.597275
CTGGTC	0.208901
CTGGTG	0.561883
CTGGTT	0.233996
CTGTAA	1.66684
CTGTAC	1.33464
CTGTAG	0.97393
CTGTAT	1.95668
CTGTCA	1.28698
CTGTCC	1.31285
CTGTCG	0.318898
CTGTCT	1.01424
CTGTGA	1.98648
CTGTGC	1.72864
CTGTGG	1.35133
CTGTGT	2.30013
CTGTTA	1.03451
CTGTTC	0.107569
CTGTTG	0.264967
CTGTTT	0.204283
CTTAAA	1.23651
CTTAAC	1.4362
CTTAAG	0.492288
CTTAAT	0.895289
CTTACA	1.31038
CTTACC	1.48498
CTTACG	0.36771
CTTACT	1.63798
CTTAGA	1.07133
CTTAGC	1.20925
CTTAGG	0.868323
CTTAGT	1.10032
CTTATA	0.386096
CTTATC	0.482621
CTTATG	0.6213
CTTATT	0.247951
CTTCAA	2.23624
CTTCAC	2.54488
CTTCAG	1.54328
CTTCAT	1.78504
CTTCCA	4.13001
CTTCCC	5.31121
CTTCCG	2.69557
CTTCCT	3.32857
CTTCGA	3.60355
CTTCGC	4.23948
CTTCGG	2.41475
CTTCGT	2.9218
CTTCTA	1.86391
CTTCTC	1.01262
CTTCTG	1.03244
CTTCTT	1.42337
CTTGAA	1.07762
CTTGAC	1.03227
CTTGAG	1.00899
CTTGAT	1.18899
CTTGCA	2.18787
CTTGCC	2.14497
CTTGCG	0.69299
CTTGCT	2.0827
CTTGGA	2.01923
CTTGGC	1.48819
CTTGGG	1.0844
CTTGGT	2.38563
CTTGTA	0.593992
CTTGTC	0.545992
CTTGTG	0.486966
CTTGTT	0.657583
CTTTAA	2.48929
CTTTAC	2.14265
CTTTAG	1.64585
CTTTAT	2.63033
CTTTCA	1.75054
CTTTCC	1.76307
CTTTCG	1.35983
CTTTCT	1.99287
CTTTGA	3.18547
CTTTGC	2.30118
CTTTGG	2.48376
CTTTGT	2.76809
CTTTTA	0.690947
CTTTTC	0.389806
CTTTTG	0.608391
CTTTTT	0.483338
GAAAAA	0.515568
GAAAAC	0.48435
GAAAAG	0.420797
GAAAAT	0.0763464
GAAACA	0.849472
GAAACC	0.776945
GAAACG	0.383356
GAAACT	0.338134
GAAAGA	0.45653
GAAAGC	0.63934
GAAAGG	0.639209
GAAAGT	0.491391
GAAATA	0.237858
GAAATC	0.12824
GAAATG	0.0722155
GAAATT	0.114036
GAACAA	1.83231
GAACAC	0.569731
GAACAG	1.57437
GAACAT	1.03185
GAACCA	2.3324
GAACCC	2.85647
GAACCG	0.916158
GAACCT	2.35869
GAACGA	1.25705
GAACGC	3.37832
GAACGG	1.12611
GAACGT	2.62759
GAACTA	1.66551
GAACTC	1.48966
GAACTG	1.34175
GAACTT	1.06434
GAAGAA	0.876126
GAAGAC	0.685799
GAAGAG	0.361156
GAAGAT	0.434911
GAAGCA	1.17303
GAAGCC	0.528737
GAAGCG	0.189661
GAAGCT	1.07036
GAAGGA	1.18581
GAAGGC	0.654276
GAAGGG	0.78338
GAAGGT	0.889032
GAAGTA	0.72799
GAAGTC	0.173248
GAAGTG	0.288613
GAAGTT	0.380657
GAATAA	0.706578
GAATAC	1.05987
GAATAG	0.292973
GAATAT	1.15498
GAATCA	1.80177
GAATCC	0.778546
GAATCG	0.268922
GAATCT	0.984578
GAATGA	0.861141
GAATGC	1.56153
GAATGG	0.851233
GAATGT	1.12072
GAATTA	0.833191
GAATTC	0
GAATTG	0.29218
GAATTT	0.184482
GACAAA	0.215352
GACAAC	0.355614
GACAAG	0.158747
GACAAT	0.295372
GACACA	0.406033
GACACC	0.492673
GACACG	0.15805
GACACT	0.301552
GACAGA	0.275605
GACAGC	0.125123
GACAGG	0.249751
GACAGT	0.525518
GACATA	0.454229
GACATC	0.283001
GACATG	0.15736
GACATT	0.158051
GACCAA	0.679915
GACCAC	0.356788
GACCAG	0.42229
GACCAT	0.66323
GACCCA	0.916156
GACCCC	1.21741
GACCCG	1.18538
GACCCT	1.23833
GACCGA	0.474153
GACCGC	0
GACCGG	1.25705
GACCGT	0
GACCTA	0.356789
GACCTC	0.24104
GACCTG	0.439457
GACCTT	1.10486
GACGAA	0
GACGAC	0.360356
GACGAG	0
GACGAT	0
GACGCA	0.310652
GACGCC	0
GACGCG	0
GACGCT	0.701991
GACGGA	0.237076
GACGGC	0.434162
GACGGG	0.134461
GACGGT	1.56676
GACGTA	0.450445
GACGTC	0
GACGTG	0.147687
GACGTT	0.375371
GACTAA	0.519745
GACTAC	1.19323
GACTAG	0.153998
GACTAT	0.655192
GACTCA	0.364731
GACTCC	0.215352
GACTCG	0.69299
GACTCT	0.341246
GACTGA	0.514793
GACTGC	0.326113
GACTGG	0.317214
GACTGT	0.311996
GACTTA	0
GACTTC	0.308523
GACTTG	0.624377
GACTTT	0.13754
GAGAAA	0.247241
GAGAAC	0.2087
GAGAAG	0.17946
GAGAAT	0.0912291
GAGACA	0.435037
GAGACC	0.640441
GAGACG	0.215781
GAGACT	0.545993
GAGAGA	0.456145
GAGAGC	0.158051
GAGAGG	0.39169
GAGAGT	0.36771
GAGATA	0.202446
GAGATC	0.142433
GAGATG	0.217957
GAGATT	0.216213
GAGCAA	0.76546
GAGCAC	0.57914
GAGCAG	0.60848
GAGCAT	1.00099
GAGCCA	1.05987
GAGCCC	0.982786
GAGCCG	0.994078
GAGCCT	1.60966
GAGCGA	0.841953
GAGCGC	1.52693
GAGCGG	0.404893
GAGCGT	1.36498
GAGCTA	0.520745
GAGCTC	0.362426
GAGCTG	0.559374
GAGCTT	1.01867
GAGGAA	0.3562
GAGGAC	0.287823
GAGGAG	0.350121
GAGGAT	0.315179
GAGGCA	0.753153
GAGGCC	0.569612
GAGGCG	0.174085
GAGGCT	1.02665
GAGGGA	0.470028
GAGGGC	0.63592
GAGGGG	0.422037
GAGGGT	0.643491
GAGGTA	0.193739
GAGGTC	0.296345
GAGGTG	0.163204
GAGGTT	0.299582
GAGTAA	0.604623
GAGTAC	0.841953
GAGTAG	0.454229
GAGTAT	0.673562
GAGTCA	0.525518
GAGTCC	0.689675
GAGTCG	0
GAGTCT	0.720711
GAGTGA	1.38598
GAGTGC	0.581218
GAGTGG	0.834153
GAGTGT	0.789098
GAGTTA	0.419019
GAGTTC	0.120925
GAGTTG	0.415156
GAGTTT	0
GATAAA	0.270266
GATAAC	0.679912
GATAAG	0.310651
GATAAT	0.134461
GATACA	0.444884
GATACC	0.931953
GATACG	0
GATACT	0.288283
GATAGA	0.454229
GATAGC	0.230997
GATAGG	0.563055
GATAGT	0.404893
GATATA	0.17493
GATATC	0.643491
GATATG	0.585945
GATATT	0.414201
GATCAA	1.30774
GATCAC	0.67185
GATCAG	0.70313
GATCAT	0.647343
GATCCA	2.01375
GATCCC	3.09507
GATCCG	0.346496
GATCCT	1.82921
GATCGA	0
GATCGC	0.610771
GATCGG	0
GATCGT	0
GATCTA	0.39169
GATCTC	0.209509
GATCTG	0.496552
GATCTT	0.606365
GATGAA	0.428994
GATGAC	0.29218
GATGAG	0.435474
GATGAT	0.636992
GATGCA	0.618633
GATGCC	0.97633
GATGCG	0.290609
GATGCT	0.911403
GATGGA	1.14036
GATGGC	0.357495
GATGGG	0.289276
GATGGT	1.07676
GATGTA	0.263034
GATGTC	0.800787
GATGTG	0.158747
GATGTT	0.807974
GATTAA	0.12341
GATTAC	1.00497
GATTAG	0.414201
GATTAT	0.24852
GATTCA	0.678086
GATTCC	0.600591
GATTCG	0
GATTCT	0.396617
GATTGA	1.28699
GATTGC	0.251997
GATTGG	0.825238
GATTGT	1.04619
GATTTA	0.321746
GATTTC	0.336152
GATTTG	0.23812
GATTTT	0.362426
GCAAAA	1.56441
GCAAAC	1.30699
GCAAAG	0.900888
GCAAAT	0.525518
GCAACA	2.00941
GCAACC	1.72864
GCAACG	2.51411
GCAACT	1.05987
GCAAGA	1.18149
GCAAGC	1.58747
GCAAGG	1.22702
GCAAGT	0.774954
GCAATA	0.938424
GCAATC	0.367709
GCAATG	0.417077
GCAATT	0.375369
GCACAA	2.20626
GCACAC	1.33465
GCACAG	2.34856
GCACAT	1.3759
GCACCA	3.8902
GCACCC	4.25695
GCACCG	2.34231
GCACCT	4.36219
GCACGA	0.667324
GCACGC	3.0762
GCACGG	2.25221
GCACGT	3.33662
GCACTA	1.67175
GCACTC	1.21592
GCACTG	1.68916
GCACTT	1.79182
GCAGAA	1.19266
GCAGAC	1.91397
GCAGAG	0.971803
GCAGAT	0.894919
GCAGCA	2.11319
GCAGCC	2.98636
GCAGCG	0.74556
GCAGCT	2.35644
GCAGGA	1.74798
GCAGGC	2.13707
GCAGGG	1.4497
GCAGGT	2.15334
GCAGTA	0.967395
GCAGTC	0.791988
GCAGTG	0.600591
GCAGTT	0.370736
GCATAA	1.88997
GCATAC	3.89572
GCATAG	3.07995
GCATAT	0.638927
GCATCA	1.77754
GCATCC	1.95845
GCATCG	0.857988
GCATCT	2.11974
GCATGA	2.25222
GCATGC	2.07284
GCATGG	2.55841
GCATGT	2.70267
GCATTA	0.825238
GCATTC	0.621302
GCATTG	0.76439
GCATTT	0.982786
GCCAAA	0.299049
GCCAAC	0.73919
GCCAAG	0.485507
GCCAAT	0.134461
GCCACA	0.776044
GCCACC	1.34507
GCCACG	0.344289
GCCACT	1.24705
GCCAGA	0.507543
GCCAGC	0.440435
GCCAGG	0.420648
GCCAGT	1.01987
GCCATA	0.45808
GCCATC	0.313352
GCCATG	0.193739
GCCATT	0.291785
GCCCAA	2.19902
GCCCAC	1.20673
GCCCAG	1.33003
GCCCAT	1.13155
GCCCCA	2.99825
GCCCCC	2.37969
GCCCCG	1.20118
GCCCCT	2.76347
GCCCGA	1.5898
GCCCGC	1.37424
GCCCGG	1.02163
GCCCGT	2.5088
GCCCTA	2.0169
GCCCTC	0.78539
GCCCTG	1.33355
GCCCTT	1.02592
GCCGAA	0.450445
GCCGAC	0.878913
GCCGAG	0.358562
GCCGAT	0
GCCGCA	0.593992
GCCGCC	0.838037
GCCGCG	0.474153
GCCGCT	1.44142
GCCGGA	0.651244
GCCGGC	0.692992
GCCGGG	0.516902
GCCGGT	0.761314
GCCGTA	0.643492
GCCGTC	0
GCCGTG	0.370228
GCCGTT	0.375371
GCCTAA	1.80178
GCCTAC	1.35132
GCCTAG	0.75074
GCCTAT	1.27559
GCCTCA	0.552157
GCCTCC	0.735847
GCCTCG	0.552692
GCCTCT	0.929486
GCCTGA	1.53343
GCCTGC	1.56154
GCCTGG	0.989764
GCCTGT	1.31213
GCCTTA	0.806762
GCCTTC	0.339958
GCCTTG	0.47554
GCCTTT	0.430274
GCGAAA	0.285997
GCGAAC	0.545993
GCGAAG	0.73045
GCGAAT	0
GCGACA	0.419017
GCGACC	0.428995
GCGACG	1.12611
GCGACT	0.529935
GCGAGA	0.42229
GCGAGC	0.327596
GCGAGG	0.522254
GCGAGT	0.948303
GCGATA	0
GCGATC	0.261128
GCGATG	0.316101
GCGATT	0
GCGCAA	1.94786
GCGCAC	2.25222
GCGCAG	1.33464
GCGCAT	1.12611
GCGCCA	1.96234
GCGCCC	1.88896
GCGCCG	0.450445
GCGCCT	2.89572
GCGCGA	1.28698
GCGCGC	2.77196
GCGCGG	1.22848
GCGCGT	1.50148
GCGCTA	0.692992
GCGCTC	0.467993
GCGCTG	0.333662
GCGCTT	0.310652
GCGGAA	0.783381
GCGGAC	0.486967
GCGGAG	0.726523
GCGGAT	0.794901
GCGGCA	1.35982
GCGGCC	1.25341
GCGGCG	1.38598
GCGGCT	1.80178
GCGGGA	1.14659
GCGGGC	0.145305
GCGGGG	0.566003
GCGGGT	0.519745
GCGGTA	0
GCGGTC	0.783379
GCGGTG	0.404892
GCGGTT	1.50148
GCGTAA	2.00198
GCGTAC	4.00394
GCGTAG	2.63674
GCGTAT	0.948306
GCGTCA	0.545992
GCGTCC	1.56676
GCGTCG	0
GCGTCT	0.735418
GCGTGA	0.935987
GCGTGC	1.88758
GCGTGG	1.91098
GCGTGT	1.88012
GCGTTA	0
GCGTTC	0
GCGTTG	0.75074
GCGTTT	0.281528
GCTAAA	1.64868
GCTAAC	1.47418
GCTAAG	1.1868
GCTAAT	0.698963
GCTACA	1.01795
GCTACC	2.6693
GCTACG	1.00098
GCTACT	2.00197
GCTAGA	0.578111
GCTAGC	0.878914
GCTAGG	0.750736
GCTAGT	0.738432
GCTATA	0.387478
GCTATC	1.09198
GCTATG	0.120118
GCTATT	0.377996
GCTCAA	2.79821
GCTCAC	2.3175
GCTCAG	2.22441
GCTCAT	2.1388
GCTCCA	4.81607
GCTCCC	4.7747
GCTCCG	1.68391
GCTCCT	5.68521
GCTCGA	3.70953
GCTCGC	1.96557
GCTCGG	3.94138
GCTCGT	2.61128
GCTCTA	1.62566
GCTCTC	1.21592
GCTCTG	1.3358
GCTCTT	1.23704
GCTGAA	0.76208
GCTGAC	1.19281
GCTGAG	0.657251
GCTGAT	0.989208
GCTGCA	1.9341
GCTGCC	2.74345
GCTGCG	1.08832
GCTGCT	2.6646
GCTGGA	1.76645
GCTGGC	2.13769
GCTGGG	1.27712
GCTGGT	2.16694
GCTGTA	1.12028
GCTGTC	0.610773
GCTGTG	0.572424
GCTGTT	1.03287
GCTTAA	2.50246
GCTTAC	1.66551
GCTTAG	1.65048
GCTTAT	1.46812
GCTTCA	2.00197
GCTTCC	2.08205
GCTTCG	1.34461
GCTTCT	1.84682
GCTTGA	1.36596
GCTTGC	2.73567
GCTTGG	2.51997
GCTTGT	3.04299
GCTTTA	0.926145
GCTTTC	0.53518
GCTTTG	1.01283
GCTTTT	0.81436
GGAAAA	0.403083
GGAAAC	0.532342
GGAAAG	0.434639
GGAAAT	0.427976
GGAACA	0.575033
GGAACC	1.25021
GGAACG	0.316101
GGAACT	1.0734
GGAAGA	0.747623
GGAAGC	0.591958
GGAAGG	0.663543
GGAAGT	0.439457
GGAATA	0.39745
GGAATC	0
GGAATG	0.353289
GGAATT	0.284491
GGACAA	1.9125
GGACAC	1.27184
GGACAG	1.07569
GGACAT	1.72624
GGACCA	2.10324
GGACCC	2.75948
GGACCG	3.60354
GGACCT	2.84491
GGACGA	2.07897
GGACGC	1.36498
GGACGG	1.2426
GGACGT	1.55709
GGACTA	0.863122
GGACTC	1.00099
GGACTG	0.888199
GGACTT	1.55923
GGAGAA	0.611924
GGAGAC	0.450443
GGAGAG	0.554393
GGAGAT	0.669391
GGAGCA	1.15622
GGAGCC	1.15795
GGAGCG	0.675666
GGAGCT	0.993458
GGAGGA	1.20293
GGAGGC	0.837536
GGAGGG	0.640745
GGAGGT	0.675666
GGAGTA	0.370228
GGAGTC	0.217081
GGAGTG	0.0832229
GGAGTT	0.408462
GGATAA	1.81692
GGATAC	0.766712
GGATAG	0.818988
GGATAT	1.06885
GGATCA	1.13052
GGATCC	0.813704
GGATCG	0
GGATCT	0.737569
GGATGA	1.26571
GGATGC	1.24513
GGATGG	1.01713
GGATGT	1.9285
GGATTA	0.380657
GGATTC	0.490278
GGATTG	0.383356
GGATTT	0.534423
GGCAAA	0.605072
GGCAAC	0.560551
GGCAAG	0.447249
GGCAAT	0.500492
GGCACA	0.736304
GGCACC	1.29768
GGCACG	0.275079
GGCACT	0.681083
GGCAGA	0.611808
GGCAGC	0.394812
GGCAGG	0.362774
GGCAGT	0.313898
GGCATA	0.139673
GGCATC	0.396867
GGCATG	0.195845
GGCATT	0.178393
GGCCAA	1.14658
GGCCAC	1.02959
GGCCAG	0.889766
GGCCAT	1.20118
GGCCCA	1.16852
GGCCCC	2.0359
GGCCCG	0.864851
GGCCCT	2.03748
GGCCGA	1.34016
GGCCGC	0.47003
GGCCGG	0.962116
GGCCGT	2.11974
GGCCTA	0.552692
GGCCTC	0.836022
GGCCTG	0.863863
GGCCTT	0.945376
GGCGAA	0
GGCGAC	0.684219
GGCGAG	0.324643
GGCGAT	1.69979
GGCGCA	0.446722
GGCGCC	0.600589
GGCGCG	0.281528
GGCGCT	0.535183
GGCGGA	0.383356
GGCGGC	0.425616
GGCGGG	0.378524
GGCGGT	0.711227
GGCGTA	1.28698
GGCGTC	0.202447
GGCGTG	0.0747626
GGCGTT	1.41316
GGCTAA	0.571991
GGCTAC	0.129624
GGCTAG	0.107891
GGCTAT	1.51728
GGCTCA	0.818988
GGCTCC	0.424947
GGCTCG	0.195846
GGCTCT	0.568521
GGCTGA	1.01009
GGCTGC	0.887121
GGCTGG	0.745022
GGCTGT	0.702951
GGCTTA	0.769048
GGCTTC	0.129006
GGCTTG	0.411051
GGCTTT	0.309761
GGGAAA	0.253177
GGGAAC	0.230014
GGGAAG	0.275313
GGGAAT	0.180177
GGGACA	0.257397
GGGACC	0.588117
GGGACG	0.699716
GGGACT	0.661668
GGGAGA	0.35329
GGGAGC	0.426962
GGGAGG	0.297814
GGGAGT	0.585412
GGGATA	0
GGGATC	0.11332
GGGATG	0.485507
GGGATT	0.10506
GGGCAA	0.380657
GGGCAC	0.712566
GGGCAG	0.723704
GGGCAT	0.701081
GGGCCA	1.74085
GGGCCC	1.91371
GGGCCG	0.948301
GGGCCT	2.03368
GGGCGA	0.313353
GGGCGC	1.00099
GGGCGG	0.603948
GGGCGT	1.65469
GGGCTA	1.02959
GGGCTC	0.577491
GGGCTG	0.581969
GGGCTT	1.26344
GGGGAA	0.192087
GGGGAC	0.450442
GGGGAG	0.311546
GGGGAT	0.425616
GGGGCA	0.686775
GGGGCC	0.777745
GGGGCG	0.556105
GGGGCT	0.926443
GGGGGA	0.70313
GGGGGC	0.564229
GGGGGG	0.135983
GGGGGT	0.661201
GGGGTA	0.233997
GGGGTC	0.129624
GGGGTG	0.300852
GGGGTT	0.412619
GGGTAA	0.226639
GGGTAC	0.482621
GGGTAG	0.554394
GGGTAT	0.769987
GGGTCA	0.413251
GGGTCC	0.241849
GGGTCG	0.590746
GGGTCT	0.306251
GGGTGA	0.909152
GGGTGC	0.593992
GGGTGG	1.20483
GGGTGT	0.647698
GGGTTA	0.643493
GGGTTC	0.0943337
GGGTTG	0.463691
GGGTTT	0.27478
GGTAAA	0.381327
GGTAAC	0.400395
GGTAAG	0.314263
GGTAAT	0.428996
GGTACA	0.81899
GGTACC	1.28699
GGTACG	0.667326
GGTACT	0.973931
GGTAGA	0.676721
GGTAGC	0.956696
GGTAGG	0.615991
GGTAGT	1.01034
GGTATA	0.713577
GGTATC	0.423947
GGTATG	0.140764
GGTATT	0.257397
GGTCAA	2.07101
GGTCAC	2.22019
GGTCAG	1.19481
GGTCAT	1.91439
GGTCCA	3.33663
GGTCCC	5.77329
GGTCCG	1.87685
GGTCCT	3.4385
GGTCGA	1.42246
GGTCGC	0.800789
GGTCGG	1.63798
GGTCGT	1.75783
GGTCTA	0.400394
GGTCTC	0.898844
GGTCTG	1.35393
GGTCTT	1.10313
GGTGAA	0.41066
GGTGAC	0.443514
GGTGAG	0.530974
GGTGAT	0.762966
GGTGCA	1.14234
GGTGCC	1.65623
GGTGCG	0.318898
GGTGCT	2.25222
GGTGGA	1.06509
GGTGGC	1.11894
GGTGGG	0.882142
GGTGGT	1.53171
GGTGTA	0.360354
GGTGTC	0.516902
GGTGTG	0.227114
GGTGTT	0.810488
GGTTAA	0.863865
GGTTAC	0.6322
GGTTAG	0.746296
GGTTAT	1.04314
GGTTCA	0.444882
GGTTCC	0.838034
GGTTCG	0.75074
GGTTCT	0.804364
GGTTGA	0.563054
GGTTGC	0.81283
GGTTGG	0.944987
GGTTGT	1.20119
GGTTTA	0.421468
GGTTTC	0.184608
GGTTTG	0.253771
GGTTTT	0.4918
GTAAAA	1.20886
GTAAAC	0.648119
GTAAAG	1.28698
GTAAAT	0.554394
GTAACA	1.52981
GTAACC	3.12553
GTAACG	2.40237
GTAACT	2.16213
GTAAGA	1.44527
GTAAGC	1.39943
GTAAGG	0.980555
GTAAGT	1.36686
GTAATA	0.432425
GTAATC	0.567487
GTAATG	0.461992
GTAATT	0.471051
GTACAA	2.59248
GTACAC	2.23229
GTACAG	1.46337
GTACAT	1.78554
GTACCA	3.46495
GTACCC	3.73952
GTACCG	1.20118
GTACCT	4.34911
GTACGA	3.60354
GTACGC	1.80177
GTACGG	3.10651
GTACGT	5.54391
GTACTA	1.97755
GTACTC	1.1145
GTACTG	0.923985
GTACTT	1.56153
GTAGAA	1.15007
GTAGAC	0.255571
GTAGAG	0.875861
GTAGAT	0.514794
GTAGCA	1.78082
GTAGCC	2.09915
GTAGCG	0.818992
GTAGCT	1.85229
GTAGGA	2.11974
GTAGGC	2.17957
GTAGGG	1.2644
GTAGGT	1.32334
GTAGTA	0.587536
GTAGTC	0.257397
GTAGTG	0.667326
GTAGTT	0.42229
GTATAA	1.76645
GTATAC	1.7626
GTATAG	2.22692
GTATAT	0.761312
GTATCA	1.66551
GTATCC	1.18538
GTATCG	0
GTATCT	1.97997
GTATGA	2.44309
GTATGC	1.41316
GTATGG	1.35982
GTATGT	3.06896
GTATTA	0.962777
GTATTC	0.600592
GTATTG	0.209509
GTATTT	0.700689
GTCAAA	1.01034
GTCAAC	0.900889
GTCAAG	0.823665
GTCAAT	0.968697
GTCACA	1.00757
GTCACC	1.29908
GTCACG	0.507542
GTCACT	1.09198
GTCAGA	1.27685
GTCAGC	1.01713
GTCAGG	0.483698
GTCAGT	0.814871
GTCATA	0.738432
GTCATC	0.450443
GTCATG	0.312447
GTCATT	0.457303
GTCCAA	1.09199
GTCCAC	1.05987
GTCCAG	0.844584
GTCCAT	1.63798
GTCCCA	2.89996
GTCCCC	3.42632
GTCCCG	1.66831
GTCCCT	2.75431
GTCCGA	2.81528
GTCCGC	2.51411
GTCCGG	1.14398
GTCCGT	0.474153
GTCCTA	1.12611
GTCCTC	0.63934
GTCCTG	1.32095
GTCCTT	1.5141
GTCGAA	0
GTCGAC	8.1899
GTCGAG	1.00099
GTCGAT	0.948306
GTCGCA	0.783379
GTCGCC	1.95373
GTCGCG	0
GTCGCT	0.982787
GTCGGA	0.486967
GTCGGC	1.2644
GTCGGG	0.450444
GTCGGT	0.545993
GTCGTA	0
GTCGTC	1.01987
GTCGTG	0
GTCGTT	1.42246
GTCTAA	1.44786
GTCTAC	1.42715
GTCTAG	0.871828
GTCTAT	2.52248
GTCTCA	0.580047
GTCTCC	0.55016
GTCTCG	0.348731
GTCTCT	0.834968
GTCTGA	1.59651
GTCTGC	1.63248
GTCTGG	1.19036
GTCTGT	2.01288
GTCTTA	0.238646
GTCTTC	0.129159
GTCTTG	0.497041
GTCTTT	0.669391
GTGAAA	0.315408
GTGAAC	1.06955
GTGAAG	0.687699
GTGAAT	0.296996
GTGACA	0.839063
GTGACC	1.6101
GTGACG	0.486966
GTGACT	0.866832
GTGAGA	0.416116
GTGAGC	0.648366
GTGAGG	0.433293
GTGAGT	0.827043
GTGATA	0.409495
GTGATC	0.623689
GTGATG	0.0568385
GTGATT	0.553177
GTGCAA	1.34572
GTGCAC	1.27184
GTGCAG	1.13039
GTGCAT	0.960945
GTGCCA	1.80693
GTGCCC	2.83365
GTGCCG	1.16998
GTGCCT	2.22385
GTGCGA	0.857988
GTGCGC	0.529934
GTGCGG	1.31379
GTGCGT	2.46559
GTGCTA	1.52878
GTGCTC	0.503993
GTGCTG	1.2053
GTGCTT	0.732926
GTGGAA	0.982786
GTGGAC	1.04754
GTGGAG	0.818987
GTGGAT	0.973931
GTGGCA	1.33987
GTGGCC	1.44823
GTGGCG	0.610771
GTGGCT	1.58734
GTGGGA	1.15857
GTGGGC	1.2426
GTGGGG	0.642573
GTGGGT	0.992814
GTGGTA	0.459637
GTGGTC	0.285091
GTGGTG	0.283136
GTGGTT	0.369595
GTGTAA	2.23668
GTGTAC	1.35617
GTGTAG	1.06557
GTGTAT	0.857988
GTGTCA	1.15313
GTGTCC	1.12611
GTGTCG	0.310652
GTGTCT	0.870175
GTGTGA	1.70652
GTGTGC	1.71016
GTGTGG	1.06797
GTGTGT	1.44668
GTGTTA	0.640223
GTGTTC	0.181998
GTGTTG	0.822102
GTGTTT	0.458468
GTTAAA	1.39312
GTTAAC	1.21274
GTTAAG	0.652817
GTTAAT	0.667325
GTTACA	1.37891
GTTACC	1.51294
GTTACG	0
GTTACT	2.29757
GTTAGA	1.10539
GTTAGC	1.19126
GTTAGG	1.58264
GTTAGT	1.27685
GTTATA	0.524788
GTTATC	0.148908
GTTATG	0.425616
GTTATT	0.472081
GTTCAA	2.02122
GTTCAC	2.37507
GTTCAG	1.90431
GTTCAT	1.75987
GTTCCA	4.043
GTTCCC	3.81144
GTTCCG	2.84491
GTTCCT	4.58837
GTTCGA	4.18269
GTTCGC	7.72187
GTTCGG	1.50148
GTTCGT	2.40236
GTTCTA	0.881989
GTTCTC	1.17873
GTTCTG	0.942788
GTTCTT	1.32823
GTTGAA	0.783383
GTTGAC	1.8966
GTTGAG	0.982789
GTTGAT	1.45732
GTTGCA	1.11383
GTTGCC	2.89851
GTTGCG	1.02959
GTTGCT	2.13271
GTTGGA	2.45211
GTTGGC	2.16212
GTTGGG	0.979225
GTTGGT	2.2725
GTTGTA	0.330599
GTTGTC	0.825238
GTTGTG	0.233997
GTTGTT	1.58489
GTTTAA	2.31244
GTTTAC	1.37636
GTTTAG	1.72228
GTTTAT	1.18985
GTTTCA	1.27559
GTTTCC	1.57396
GTTTCG	1.34461
GTTTCT	1.49836
GTTTGA	2.4067
GTTTGC	2.46818
GTTTGG	1.8371
GTTTGT	2.84491
GTTTTA	0.480473
GTTTTC	0.313352
GTTTTG	0.544618
GTTTTT	0.35905
TAAAAA	0.673142
TAAAAC	0.722934
TAAAAG	0.816668
TAAAAT	0.289441
TAAACA	1.17188
TAAACC	1.4497
TAAACG	0.375371
TAAACT	0.318898
TAAAGA	1.36318
TAAAGC	0.724852
TAAAGG	1.09419
TAAAGT	0.914607
TAAATA	0.486967
TAAATC	0.556105
TAAATG	0.37537
TAAATT	0.300296
TAACAA	1.85003
TAACAC	1.05987
TAACAG	1.39864
TAACAT	1.53342
TAACCA	2.30363
TAACCC	2.8528
TAACCG	1.74365
TAACCT	3.62696
TAACGA	0.643492
TAACGC	0.72071
TAACGG	4.06852
TAACGT	2.45697
TAACTA	0.826499
TAACTC	1.39673
TAACTG	1.273
TAACTT	2.16213
TAAGAA	0.8816
TAAGAC	0.386096
TAAGAG	0.420975
TAAGAT	0.733279
TAAGCA	0.845905
TAAGCC	1.10539
TAAGCG	0.973932
TAAGCT	0.970185
TAAGGA	1.93361
TAAGGC	0.761312
TAAGGG	1.41103
TAAGGT	1.11834
TAAGTA	0.12426
TAAGTC	0.419019
TAAGTG	0.391691
TAAGTT	0.305386
TAATAA	1.72447
TAATAC	0.465977
TAATAG	1.02228
TAATAT	1.19455
TAATCA	0.387478
TAATCC	0.951641
TAATCG	0
TAATCT	1.2426
TAATGA	1.85229
TAATGC	1.5805
TAATGG	1.49019
TAATGT	1.437
TAATTA	0.476659
TAATTC	0.323671
TAATTG	1.01508
TAATTT	0.356394
TACAAA	0.314524
TACAAC	0.425616
TACAAG	0.37278
TACAAT	0.108541
TACACA	0.435914
TACACC	0.857988
TACACG	0
TACACT	0.348731
TACAGA	0.438121
TACAGC	0.244585
TACAGG	0.473114
TACAGT	0.327596
TACATA	0.201316
TACATC	0.144142
TACATG	0.439456
TACATT	0.0797248
TACCAA	0.953881
TACCAC	0.750737
TACCAG	0.833191
TACCAT	0.409495
TACCCA	1.16998
TACCCC	2.68921
TACCCG	2.86646
TACCCT	1.31837
TACCGA	0.783381
TACCGC	1.20118
TACCGG	2.16213
TACCGT	0.529935
TACCTA	1.60555
TACCTC	0.411833
TACCTG	0.493637
TACCTT	0.849001
TACGAA	0
TACGAC	1.28699
TACGAG	0
TACGAT	0
TACGCA	0
TACGCC	0
TACGCG	0
TACGCT	0
TACGGA	0
TACGGC	0
TACGGG	0.439458
TACGGT	0
TACGTA	0.500494
TACGTC	0
TACGTG	0
TACGTT	0.461994
TACTAA	0.231988
TACTAC	1.13796
TACTAG	1.00099
TACTAT	0.292973
TACTCA	0.597744
TACTCC	0.634426
TACTCG	0
TACTCT	0.532543
TACTGA	0.614243
TACTGC	0.643493
TACTGG	0.852193
TACTGT	0.385407
TACTTA	0.228072
TACTTC	0.543249
TACTTG	0.578111
TACTTT	0.331208
TAGAAA	0.129936
TAGAAC	0.474151
TAGAAG	0.0712167
TAGAAT	0.389995
TAGACA	1.16872
TAGACC	0.743
TAGACG	0
TAGACT	0.428994
TAGAGA	0.476661
TAGAGC	0.241849
TAGAGG	0.355029
TAGAGT	0.514792
TAGATA	0.7949
TAGATC	0.363995
TAGATG	0.308875
TAGATT	0.331615
TAGCAA	1.34294
TAGCAC	0.581217
TAGCAG	1.17873
TAGCAT	0.321746
TAGCCA	1.36269
TAGCCC	2.04456
TAGCCG	1.18149
TAGCCT	1.87468
TAGCGA	0
TAGCGC	1.63798
TAGCGG	2.37076
TAGCGT	0.545993
TAGCTA	0.923985
TAGCTC	0.692989
TAGCTG	1.30128
TAGCTT	0.876537
TAGGAA	0.62944
TAGGAC	0.148908
TAGGAG	0.148907
TAGGAT	0.250246
TAGGCA	0.96352
TAGGCC	0.942785
TAGGCG	0
TAGGCT	1.18538
TAGGGA	0.720708
TAGGGC	1.06772
TAGGGG	0.674462
TAGGGT	0.881989
TAGGTA	0.550158
TAGGTC	0.847894
TAGGTG	0.247951
TAGGTT	0.225222
TAGTAA	0.740457
TAGTAC	1.70438
TAGTAG	0.568126
TAGTAT	0.545993
TAGTCA	0.657584
TAGTCC	0.241849
TAGTCG	0
TAGTCT	0.732432
TAGTGA	0.464974
TAGTGC	0.4959
TAGTGG	0.926623
TAGTGT	1.1261
TAGTTA	0.563053
TAGTTC	0.26693
TAGTTG	0.491394
TAGTTT	0.0786804
TATAAA	0.184482
TATAAC	0.180178
TATAAG	0.610772
TATAAT	0.431047
TATACA	0.469211
TATACC	1.43323
TATACG	0
TATACT	0.129624
TATAGA	0.370228
TATAGC	0.535183
TATAGG	0.69299
TATAGT	0.68639
TATATA	0.185114
TATATC	0.667324
TATATG	0.391691
TATATT	0.277196
TATCAA	1.24738
TATCAC	1.12611
TATCAG	1.55549
TATCAT	1.70972
TATCCA	4.50443
TATCCC	3.8371
TATCCG	0
TATCCT	3.75909
TATCGA	3.17961
TATCGC	1.50148
TATCGG	1.2426
TATCGT	3.17961
TATCTA	1.41569
TATCTC	0.965235
TATCTG	0.606365
TATCTT	1.58489
TATGAA	0.538993
TATGAC	0.931953
TATGAG	0.489614
TATGAT	0.857986
TATGCA	1.10313
TATGCC	1.74366
TATGCG	0
TATGCT	1.47514
TATGGA	0.908458
TATGGC	0.797246
TATGGG	0.829764
TATGGT	2.04456
TATGTA	0.689202
TATGTC	0.927382
TATGTG	0.486966
TATGTT	0.600591
TATTAA	1.57036
TATTAC	1.40764
TATTAG	1.44786
TATTAT	0.7949
TATTCA	0.982789
TATTCC	1.28699
TATTCG	0
TATTCT	0.851749
TATTGA	1.5934
TATTGC	1.46812
TATTGG	1.01034
TATTGT	1.2355
TATTTA	0.5934
TATTTC	0.114036
TATTTG	0.88389
TATTTT	0.666409
TCAAAA	1.5042
TCAAAC	0.972181
TCAAAG	0.878916
TCAAAT	0.669579
TCAACA	1.4609
TCAACC	2.64134
TCAACG	0.69299
TCAACT	2.36597
TCAAGA	1.83854
TCAAGC	1.58171
TCAAGG	1.22988
TCAAGT	1.2605
TCAATA	1.00799
TCAATC	1.04235
TCAATG	0.35797
TCAATT	0.746296
TCACAA	2.4067
TCACAC	2.07897
TCACAG	1.96233
TCACAT	2.04618
TCACCA	3.94379
TCACCC	6.25739
TCACCG	2.51411
TCACCT	4.49423
TCACGA	3.08198
TCACGC	2.23668
TCACGG	0.913943
TCACGT	2.62393
TCACTA	3.14263
TCACTC	1.29728
TCACTG	1.84557
TCACTT	2.03078
TCAGAA	1.34267
TCAGAC	1.63798
TCAGAG	0.891601
TCAGAT	0.928748
TCAGCA	1.41806
TCAGCC	1.31142
TCAGCG	1.24876
TCAGCT	1.62974
TCAGGA	2.31393
TCAGGC	1.61284
TCAGGG	1.04845
TCAGGT	1.42998
TCAGTA	0.988774
TCAGTC	0.336152
TCAGTG	0.846788
TCAGTT	0.941693
TCATAA	2.44462
TCATAC	3.30324
TCATAG	1.67867
TCATAT	2.28955
TCATCA	1.87545
TCATCC	1.92556
TCATCG	1.31038
TCATCT	1.72462
TCATGA	3.22706
TCATGC	4.28616
TCATGG	2.61434
TCATGT	2.77744
TCATTA	0.881303
TCATTC	0.715507
TCATTG	1.04235
TCATTT	0.68249
TCCAAA	0.405544
TCCAAC	0.208298
TCCAAG	0.35191
TCCAAT	0.509935
TCCACA	0.748511
TCCACC	0.898844
TCCACG	0.200198
TCCACT	0.786231
TCCAGA	0.645263
TCCAGC	0.243483
TCCAGG	0.37459
TCCAGT	0.747626
TCCATA	0.406415
TCCATC	0.230258
TCCATG	0.218839
TCCATT	0.140764
TCCCAA	1.64922
TCCCAC	1.00564
TCCCAG	1.2111
TCCCAT	1.63798
TCCCCA	2.8888
TCCCCC	2.44378
TCCCCG	1.39423
TCCCCT	2.82078
TCCCGA	2.65525
TCCCGC	1.15007
TCCCGG	2.05917
TCCCGT	1.97454
TCCCTA	1.32067
TCCCTC	1.05987
TCCCTG	1.36844
TCCCTT	1.00099
TCCGAA	1.71598
TCCGAC	0.563056
TCCGAG	0.300296
TCCGAT	0.563056
TCCGCA	1.83854
TCCGCC	1.24652
TCCGCG	0
TCCGCT	1.47083
TCCGGA	0.444882
TCCGGC	0.651244
TCCGGG	0.45808
TCCGGT	1.56676
TCCGTA	0.563056
TCCGTC	0
TCCGTG	0.191679
TCCGTT	0.272997
TCCTAA	1.09199
TCCTAC	0.829764
TCCTAG	1.32334
TCCTAT	1.15498
TCCTCA	0.549111
TCCTCC	0.91875
TCCTCG	0.519745
TCCTCT	0.846471
TCCTGA	1.46511
TCCTGC	1.03518
TCCTGG	1.28316
TCCTGT	1.57997
TCCTTA	0.823143
TCCTTC	0.142152
TCCTTG	0.482618
TCCTTT	0.413769
TCGAAA	1.08107
TCGAAC	0
TCGAAG	0.36771
TCGAAT	0.514795
TCGACA	1.33465
TCGACC	1.2426
TCGACG	0
TCGACT	2.16213
TCGAGA	1.00099
TCGAGC	0
TCGAGG	0.948302
TCGAGT	0.383357
TCGATA	0.818992
TCGATC	0
TCGATG	0
TCGATT	0.581219
TCGCAA	0.621303
TCGCAC	0.486966
TCGCAG	1.07249
TCGCAT	1.75783
TCGCCA	1.30249
TCGCCC	1.71598
TCGCCG	1.63798
TCGCCT	3.7932
TCGCGA	1.20118
TCGCGC	0
TCGCGG	0.818992
TCGCGT	0
TCGCTA	2.16213
TCGCTC	0.563055
TCGCTG	0.529935
TCGCTT	1.68916
TCGGAA	0.281528
TCGGAC	3.27596
TCGGAG	0.761314
TCGGAT	0.529935
TCGGCA	1.7764
TCGGCC	1.49019
TCGGCG	2.40236
TCGGCT	0.871828
TCGGGA	0.540533
TCGGGC	1.47084
TCGGGG	0.967395
TCGGGT	1.05987
TCGGTA	0.529935
TCGGTC	0
TCGGTG	0.240237
TCGGTT	0.240237
TCGTAA	1.94786
TCGTAC	0
TCGTAG	0.514795
TCGTAT	1.44142
TCGTCA	1.07569
TCGTCC	0.72071
TCGTCG	0
TCGTCT	1.38598
TCGTGA	0.948302
TCGTGC	0.912291
TCGTGG	1.67607
TCGTGT	2.43484
TCGTTA	0.450445
TCGTTC	1.01987
TCGTTG	0.783379
TCGTTT	0.847894
TCTAAA	1.01508
TCTAAC	1.77448
TCTAAG	1.00099
TCTAAT	0.600591
TCTACA	1.2816
TCTACC	1.93411
TCTACG	0
TCTACT	1.13027
TCTAGA	0.917571
TCTAGC	1.2257
TCTAGG	1.05423
TCTAGT	1.56676
TCTATA	0.388872
TCTATC	0.652817
TCTATG	0.219728
TCTATT	1.09753
TCTCAA	2.296
TCTCAC	2.38285
TCTCAG	2.18208
TCTCAT	2.55904
TCTCCA	5.10016
TCTCCC	5.28606
TCTCCG	2.16212
TCTCCT	4.31335
TCTCGA	2.00197
TCTCGC	3.68867
TCTCGG	2.68349
TCTCGT	3.54895
TCTCTA	1.34175
TCTCTC	1.39492
TCTCTG	1.13498
TCTCTT	1.67358
TCTGAA	1.15601
TCTGAC	1.46811
TCTGAG	1.0621
TCTGAT	1.18722
TCTGCA	2.14497
TCTGCC	2.49882
TCTGCG	1.41316
TCTGCT	2.53438
TCTGGA	1.67489
TCTGGC	2.50105
TCTGGG	0.886588
TCTGGT	2.34231
TCTGTA	0.5934
TCTGTC	0.652555
TCTGTG	0.744095
TCTGTT	1.1101
TCTTAA	2.00197
TCTTAC	1.80177
TCTTAG	2.94167
TCTTAT	1.18899
TCTTCA	1.65729
TCTTCC	1.80539
TCTTCG	0.563055
TCTTCT	1.54714
TCTTGA	1.80761
TCTTGC	2.21176
TCTTGG	2.2657
TCTTGT	2.69727
TCTTTA	1.03132
TCTTTC	0.494088
TCTTTG	0.63592
TCTTTT	0.826503
TGAAAA	0.367709
TGAAAC	0.708313
TGAAAG	0.509936
TGAAAT	0.197997
TGAACA	0.625223
TGAACC	0.93791
TGAACG	0.871826
TGAACT	0.923987
TGAAGA	0.888766
TGAAGC	0.714585
TGAAGG	0.874176
TGAAGT	0.484057
TGAATA	0.369596
TGAATC	0.0968697
TGAATG	0.204748
TGAATT	0.428993
TGACAA	2.05917
TGACAC	1.24486
TGACAG	1.4609
TGACAT	1.22263
TGACCA	3.13642
TGACCC	2.99079
TGACCG	2.11974
TGACCT	2.31131
TGACGA	1.47084
TGACGC	1.77224
TGACGG	1.21742
TGACGT	1.92189
TGACTA	1.57202
TGACTC	0.900887
TGACTG	1.46724
TGACTT	1.18065
TGAGAA	0.727989
TGAGAC	0.63813
TGAGAG	0.513664
TGAGAT	0.585577
TGAGCA	0.912291
TGAGCC	1.01877
TGAGCG	0.222442
TGAGCT	1.12144
TGAGGA	1.20354
TGAGGC	0.833879
TGAGGG	0.860036
TGAGGT	0.920356
TGAGTA	0.224287
TGAGTC	0.235014
TGAGTG	0.438389
TGAGTT	0.600591
TGATAA	0.948301
TGATAC	2.04456
TGATAG	1.11738
TGATAT	1.35983
TGATCA	1.15007
TGATCC	1.27559
TGATCG	0.486967
TGATCT	1.01762
TGATGA	2.3907
TGATGC	1.32762
TGATGG	1.50148
TGATGT	1.60026
TGATTA	0.912288
TGATTC	0.393401
TGATTG	0.517752
TGATTT	0.289055
TGCAAA	0.438269
TGCAAC	0.203975
TGCAAG	0.367709
TGCAAT	0
TGCACA	0.87331
TGCACC	0.590745
TGCACG	0.285997
TGCACT	0.534219
TGCAGA	0.520744
TGCAGC	0.244427
TGCAGG	0.634853
TGCAGT	0.461993
TGCATA	0.301974
TGCATC	0.299049
TGCATG	0.59269
TGCATT	0.0602601
TGCCAA	2.10207
TGCCAC	1.38276
TGCCAG	1.20118
TGCCAT	1.37159
TGCCCA	3.01412
TGCCCC	2.12192
TGCCCG	1.78899
TGCCCT	2.80569
TGCCGA	1.5898
TGCCGC	1.22848
TGCCGG	1.68916
TGCCGT	0.979226
TGCCTA	1.1523
TGCCTC	0.591207
TGCCTG	1.19272
TGCCTT	1.26687
TGCGAA	0
TGCGAC	0
TGCGAG	0
TGCGAT	0.333663
TGCGCA	0
TGCGCC	1.01034
TGCGCG	0
TGCGCT	1.26886
TGCGGA	0.571992
TGCGGC	0.545993
TGCGGG	0.446722
TGCGGT	0.720709
TGCGTA	0
TGCGTC	0
TGCGTG	0
TGCGTT	0
TGCTAA	1.04754
TGCTAC	1.37783
TGCTAG	0.583908
TGCTAT	1.76861
TGCTCA	0.786981
TGCTCC	0.880178
TGCTCG	0.563055
TGCTCT	0.628526
TGCTGA	1.49492
TGCTGC	0.900888
TGCTGG	0.959525
TGCTGT	1.14586
TGCTTA	0.943339
TGCTTC	0.240237
TGCTTG	0.667324
TGCTTT	0.508093
TGGAAA	0.164922
TGGAAC	0.305385
TGGAAG	0.145696
TGGAAT	0.252585
TGGACA	0.936921
TGGACC	0.452707
TGGACG	0
TGGACT	0.70313
TGGAGA	0.419018
TGGAGC	0.176645
TGGAGG	0.276722
TGGAGT	0.324644
TGGATA	0.415794
TGGATC	0.105367
TGGATG	0.0648123
TGGATT	0.187684
TGGCAA	1.21015
TGGCAC	0.908458
TGGCAG	1.21273
TGGCAT	0.710378
TGGCCA	1.61655
TGGCCC	1.80597
TGGCCG	1.25705
TGGCCT	2.25223
TGGCGA	2.75272
TGGCGC	0.973931
TGGCGG	0.6213
TGGCGT	1.05987
TGGCTA	0.522253
TGGCTC	0.423118
TGGCTG	1.01935
TGGCTT	0.46092
TGGGAA	0.315408
TGGGAC	0.336331
TGGGAG	0.328448
TGGGAT	0.166062
TGGGCA	0.540215
TGGGCC	0.733056
TGGGCG	0.108541
TGGGCT	0.853471
TGGGGA	0.674046
TGGGGC	0.824541
TGGGGG	0.428993
TGGGGT	0.582323
TGGGTA	0.156676
TGGGTC	0.241849
TGGGTG	0.196762
TGGGTT	0.261668
TGGTAA	1.31837
TGGTAC	0.797246
TGGTAG	0.660335
TGGTAT	0.959522
TGGTCA	0.486965
TGGTCC	0.575909
TGGTCG	0.871826
TGGTCT	0.62399
TGGTGA	0.760243
TGGTGC	1.24432
TGGTGG	1.08056
TGGTGT	1.44915
TGGTTA	0.411051
TGGTTC	0.346495
TGGTTG	0.549693
TGGTTT	0.29754
TGTAAA	0.397868
TGTAAC	0.300296
TGTAAG	0.0973935
TGTAAT	0.428994
TGTACA	1.06557
TGTACC	1.57202
TGTACG	0
TGTACT	1.04149
TGTAGA	0.274034
TGTAGC	0.935987
TGTAGG	0.339958
TGTAGT	0.297814
TGTATA	0.704605
TGTATC	0.129624
TGTATG	0.341568
TGTATT	0.508336
TGTCAA	1.34085
TGTCAC	1.70938
TGTCAG	1.75249
TGTCAT	1.57569
TGTCCA	3.75064
TGTCCC	4.43916
TGTCCG	1.91097
TGTCCT	4.35088
TGTCGA	2.00198
TGTCGC	1.0355
TGTCGG	1.77224
TGTCGT	2.81528
TGTCTA	1.62064
TGTCTC	0.973932
TGTCTG	1.36498
TGTCTT	1.04958
TGTGAA	0.917569
TGTGAC	0.883223
TGTGAG	0.623834
TGTGAT	0.69522
TGTGCA	1.22154
TGTGCC	2.038
TGTGCG	0.360355
TGTGCT	2.01191
TGTGGA	1.34175
TGTGGC	1.42682
TGTGGG	0.973135
TGTGGT	2.00933
TGTGTA	0.450444
TGTGTC	0.26419
TGTGTG	0.253222
TGTGTT	1.04313
TGTTAA	1.00099
TGTTAC	2.19263
TGTTAG	0.566003
TGTTAT	1.1145
TGTTCA	0.91927
TGTTCC	1.47802
TGTTCG	0.35329
TGTTCT	1.06509
TGTTGA	1.6101
TGTTGC	0.830605
TGTTGG	0.919827
TGTTGT	1.85114
TGTTTA	0.400395
TGTTTC	0.328341
TGTTTG	0.60905
TGTTTT	0.432858
TTAAAA	0.865258
TTAAAC	1.04451
TTAAAG	0.581219
TTAAAT	0.633056
TTAACA	1.24798
TTAACC	0.881989
TTAACG	1.05987
TTAACT	1.0865
TTAAGA	1.01713
TTAAGC	0.980555
TTAAGG	0.653493
TTAAGT	1.28698
TTAATA	0.17493
TTAATC	1.11738
TTAATG	0.63062
TTAATT	0.263996
TTACAA	2.3797
TTACAC	1.85325
TTACAG	1.16566
TTACAT	1.35133
TTACCA	3.31096
TTACCC	4.27758
TTACCG	1.44142
TTACCT	3.56873
TTACGA	2.6693
TTACGC	1.80177
TTACGG	2.05917
TTACGT	4.50444
TTACTA	1.44142
TTACTC	0.317961
TTACTG	1.96832
TTACTT	1.64545
TTAGAA	0.916156
TTAGAC	1.17873
TTAGAG	0.621301
TTAGAT	0.201316
TTAGCA	0.840204
TTAGCC	1.653
TTAGCG	1.4609
TTAGCT	1.4937
TTAGGA	1.6538
TTAGGC	1.44142
TTAGGG	1.11912
TTAGGT	1.61697
TTAGTA	0.880867
TTAGTC	0.563055
TTAGTG	1.21742
TTAGTT	0.560138
TTATAA	1.15007
TTATAC	1.06772
TTATAG	1.71598
TTATAT	0.783381
TTATCA	1.22849
TTATCC	0.80079
TTATCG	0
TTATCT	1.13082
TTATGA	1.28045
TTATGC	2.3847
TTATGG	1.82992
TTATGT	1.37355
TTATTA	0.692992
TTATTC	0.310651
TTATTG	0.714358
TTATTT	0.537421
TTCAAA	0.494767
TTCAAC	0.391691
TTCAAG	0.58256
TTCAAT	0.194786
TTCACA	0.745261
TTCACC	0.676269
TTCACG	0.318898
TTCACT	0.597274
TTCAGA	0.70313
TTCAGC	0.346495
TTCAGG	0.638231
TTCAGT	0.217737
TTCATA	0.241309
TTCATC	0.780552
TTCATG	0.596173
TTCATT	0.203821
TTCCAA	0.415794
TTCCAC	1.14494
TTCCAG	1.17303
TTCCAT	1.0566
TTCCCA	2.26289
TTCCCC	2.57396
TTCCCG	2.00197
TTCCCT	1.7681
TTCCGA	3.50345
TTCCGC	1.15498
TTCCGG	1.12611
TTCCGT	1.73665
TTCCTA	1.50809
TTCCTC	0.892771
TTCCTG	1.19683
TTCCTT	0.941907
TTCGAA	0.514795
TTCGAC	2.00197
TTCGAG	0.204748
TTCGAT	0.750742
TTCGCA	0
TTCGCC	1.54438
TTCGCG	0
TTCGCT	1.05987
TTCGGA	0.305387
TTCGGC	1.22848
TTCGGG	0.228073
TTCGGT	1.50148
TTCGTA	0.419019
TTCGTC	0
TTCGTG	0
TTCGTT	0.434162
TTCTAA	0.750739
TTCTAC	0.624377
TTCTAG	0.904655
TTCTAT	1.16782
TTCTCA	0.784863
TTCTCC	0.537842
TTCTCG	0.78338
TTCTCT	0.708245
TTCTGA	1.31743
TTCTGC	1.23349
TTCTGG	0.838963
TTCTGT	1.08618
TTCTTA	0.552693
TTCTTC	0.23842
TTCTTG	0.501761
TTCTTT	0.252478
TTGAAA	0.131837
TTGAAC	0.329593
TTGAAG	0.489908
TTGAAT	0.285996
TTGACA	0.830315
TTGACC	0.612848
TTGACG	0
TTGACT	0.713573
TTGAGA	0.51821
TTGAGC	0.332431
TTGAGG	0.569527
TTGAGT	0.618633
TTGATA	0
TTGATC	0.25377
TTGATG	0.0830315
TTGATT	0.150148
TTGCAA	1.01508
TTGCAC	0.94448
TTGCAG	0.895293
TTGCAT	0.87727
TTGCCA	2.25221
TTGCCC	1.6127
TTGCCG	1.55325
TTGCCT	1.90631
TTGCGA	0.563056
TTGCGC	1.80178
TTGCGG	1.2426
TTGCGT	1.95845
TTGCTA	0.798813
TTGCTC	0.960946
TTGCTG	1.16942
TTGCTT	0.602136
TTGGAA	0.80241
TTGGAC	0
TTGGAG	0.319464
TTGGAT	0.503994
TTGGCA	1.09453
TTGGCC	1.17973
TTGGCG	0.327596
TTGGCT	1.04073
TTGGGA	0.948301
TTGGGC	1.36844
TTGGGG	0.815282
TTGGGT	0.669579
TTGGTA	0.35797
TTGGTC	0.594926
TTGGTG	0.21386
TTGGTT	0.652819
TTGTAA	0.969567
TTGTAC	1.22848
TTGTAG	1.16533
TTGTAT	1.2824
TTGTCA	0.72071
TTGTCC	0.962116
TTGTCG	0.545993
TTGTCT	0.743589
TTGTGA	1.73366
TTGTGC	1.35344
TTGTGG	0.785004
TTGTGT	1.921
TTGTTA	0.454995
TTGTTC	0.137017
TTGTTG	0.360354
TTGTTT	0.61241
TTTAAA	0.763464
TTTAAC	0.305385
TTTAAG	0.935984
TTTAAT	0.322706
TTTACA	0.953881
TTTACC	1.41712
TTTACG	1.74365
TTTACT	1.01604
TTTAGA	0.802161
TTTAGC	0.701992
TTTAGG	0.853922
TTTAGT	0.42182
TTTATA	0.379321
TTTATC	0.371499
TTTATG	0.415794
TTTATT	0.296345
TTTCAA	1.40626
TTTCAC	1.65902
TTTCAG	2.09997
TTTCAT	1.28411
TTTCCA	3.21028
TTTCCC	4.30474
TTTCCG	0.766712
TTTCCT	2.64628
TTTCGA	3.27595
TTTCGC	2.00197
TTTCGG	0.965238
TTTCGT	2.57397
TTTCTA	0.87515
TTTCTC	0.81624
TTTCTG	0.759602
TTTCTT	0.622017
TTTGAA	0.526361
TTTGAC	0.710056
TTTGAG	0.629746
TTTGAT	1.03327
TTTGCA	1.87141
TTTGCC	2.12352
TTTGCG	0.800789
TTTGCT	1.25123
TTTGGA	1.51244
TTTGGC	1.21995
TTTGGG	0.930805
TTTGGT	1.79059
TTTGTA	0.440533
TTTGTC	0.623689
TTTGTG	0.467442
TTTGTT	0.917266
TTTTAA	1.18311
TTTTAC	1.09939
TTTTAG	1.21859
TTTTAT	1.0952
TTTTCA	0.908152
TTTTCC	1.30151
TTTTCG	0.571992
TTTTCT	1.00098
TTTTGA	1.69247
TTTTGC	1.46656
TTTTGG	1.25705
TTTTGT	1.26072
TTTTTA	0.445433
TTTTTC	0.428994
TTTTTG	0.380824
TTTTTT	0.309643
